LZQPQhLyRh_C2cTtd9MvFRJedxydaVW-2sNg5Diuo4A,1
LZQPQhLyRh_hbykd_Xw4oDROJbJTFrs-UbSB2xk8gRk,2
LZQPQhLyRh80UYxNuaDWhIGQYNQ96IuCg-AYWqNPjpU,3
LZQPQhLyRh9EXArr4ZnVcDonSbvSMHKYOT24e_qR6fE,4
LZQPQhLyRh9MSZYnf8djyk0gEF9BHDPYrrK-qCczIY8,5
LZQPQhLyRh9U7Lv_DKpJ7lawpBCotxfgHzBy93Tk028,6
LZQPQhLyRh9vw01Xvvw5yWzZEUOPG1hSgRMHep55-Yw,7
LZQPQhLyRh9-wNRtlZDM90f1k0BrdVdJyN_YsaSwfxc,8
LZQPQhLyRh9y57URF7qpZRk3MVAJNLNhhZga_5YWBU8,9
z120grixiomvyvbga04cfl24csz5jf4zzuc0k,10
z120wncjevujt1aju04cff4b1yfcvhrbpis,11
z120y3ribybzdf3fj23sf1rpgq3cex0sh,12
z121cngqep23db2o404cjf4zvsf2cjerdaw,13
z121cnnzhsybzjkt122nsviacsekvvt1r,14
z121e3zq5kj3ip2ch22ks3vwekuaibrgc04,15
z121eftbimqgy1p5504cjx24tpvbjrpisnc0k,16
z121ft552pzpzhiab04cffmwitfii3lr5v40k,17
z121hjrymmf2jh4rf04cjrybiyfotjmof1g,18
z121j52qizrzhd2pa04ceht4jpeuzvzgunc0k,19
z121jvbjakmbehsys04ce5yj1y3hxx0hzsk0k,20
z121st5w5k3ui1veg22zirn4gkr5tby2v,21
z121yttbfpyxw1dya04cgtq4clasebvoib4,22
z121zn0biqizsti0j23rghdafmjzgpuu4,23
z121znjjloycwtjf2233dfo5esfggn3lj,24
z121zxaxsq25z5k5o04ch1o5jqqfij3gtm40k,25
z122dfb5htjxgpbot04cdj1aikatybbjsb0,26
z122f10gdvathpo2222pshcxxpjliddjv04,27
z122f1fy5muwdxdxd04cexyxes3hh5hrifc,28
z122srjbvovwzxg0522yd1i4ty3kznxqs04,29
z122wfnzgt30fhubn04cdn3xfx2mxzngsl40k,30
z122ybty1la4dbrz304cgnoh1knkiv0odfg,31
z122z5pa2wyofbjj304cgfwrrmvjgn0pohc,32
z123e1gg3zyuf30ox04cdtbzgmaby3ehjc0,33
z123gh5o1pibgntf222einrisrfasnha104,34
z123gnabnwbqtr1e022jejij0zzzez2os04,35
z123jlf4lzjbgpbcr23yhxyqbpe3gxpvm,36
z123vd4i3laosnv4b04ci3pwunuvytarigs,37
z124elbgazqmuhvs5230ut14uta5irenh,38
z124fn5ahqnfdbxtg23ihlijyqjqtr1lk,39
z124g1oy2wfitb3tw23bw1po2ozhurojq04,40
z124i3ygclj0xn4ly22jzb5a2ubvtbev1,41
z124inzqgoyeh33uw23iibficv2kuf2nx,42
z124tligikzvt3kch22kx5daswzwdrjxp04,43
z124y1czouyechz4j04citox1mn1wz5pmos0k,44
z124zbcigmbfvhpru04cepdx2vikibhp42c,45
z125gx4g5wemgtyvr23ryvlrbxjvwl2mi,46
z125vpqb2rb1jbxun234evvr1patybvww04,47
z125zbmwryjwxzx4504cfjzwbtztuvkif3c,48
z12aezowoqbjf3sn223hc1xrita3f3oz404,49
z12afdtaypuat3t5s04ccv4g4xe1elvbcdw,50
z12aillowmuftn5l022cv3hwbofjctgch,51
z12av324qzztf5tan04ci1kycxbnf3u4f4g,52
z12avveb4xqiirsix04chxviiljryduwxg0,53
z12axnji5w2axxht522thb3bktvqjdlbp04,54
z12bv5zxvpryjjspn04cdfwz5lrtzjhooqw0k,55
z12cehoxozfgg3nok04cjj05xznbgrlpfjo,56
z12ct5z5hsnsjjpii04ccbzztmf1ulxxous0k,57
z12cu5vhuw2ccfvdi22ecpvobuiof1yat04,58
z12cwnzbunaji14ah04cf3jizmzpz3igxj4,59
z12dcrdpiky1w3oia04chrvgxpmuzjv4gcw,60
z12dddjgvrnvtxkni22gsfdzqmu2z1qmm,61
z12denip3u2dyzqte23ytjoqdsieizlta,62
z12dgxdpbsjvsj1lv22vhn3ypsynh3gq204,63
z12di5a51quhttio304cirdpnvroex14jfg,64
z12dixvi2qepuhb4o04chpd5exjdx3oqdic,65
z12duvqj2ozihjxzr04cffmhekeyzbkql20,66
z12dzlpo0ueie1go404cfjjwsxf1g1lrtdo,67
z12eex1wzu2ky35en22wfpswwxjqynsus,68
z12eexphzo2uslizg04cirmywyzjdnm5gqc0k,69
z12ehhxzutqbsjrpq04ccjlqhrv5y3dzkn40k,70
z12etrpq5xu0vnm2g230szo5ote3zviny,71
z12exzcrvpeew1yxg04cd5tbwnmfubnh4kk0k,72
z12ffbi4hyauctqeg22livra0kzjcjffv,73
z12fgjx5zknbitgw104ce3op4v3nzlaxzqo0k,74
z12ftpab5svihfffz23kf3iiymiwjzesi,75
z12gcx5hzkayhbmve23ghd3plt2czf2rp04,76
z12gdhri2nzouxcxq04ci11h5we3edegkbg,77
z12gv5qoconqsbe0h221wljgmwe4v1nmu,78
z12gwldoxpvgjru4004cj3fxyvvvwffjqjg,79
z12gy5tb2kase1nix04cipry3mf1wh5grko0k,80
z12he50arvrkivl5u04cctawgxzkjfsjcc4,81
z12hidxilpv4uduvf23jdjp4nleeulehc04,82
z12ifxrbkmaechwtt22jwryqmoaefhipf04,83
z12ig3jrnlfvsthaa04chjkrply5zligbdg,84
z12iircxtsjpwvqbd04chjzbemjtj5kohxg0k,85
z12iubmp2mv1txfsy235vb2xdqirufcp304,86
z12ivx14lye5szr4k04cddnhuujytfhz4v00k,87
z12iztop3pyovxbl322eyxng2k3gi5rax04,88
z12jc1uququpzbsoq04cg15poyfsxpvoojw,89
z12jeraoczqvvbkmz23hsbcptweedlrxx04,90
z12jud4o3n34v5wph04ce3db0y2njn55gog0k,91
z12jvnua2tifirkvk23cfjtpxwmgxfch004,92
z12jxvuzgxusjl1jw04ccxshdwyfx1pjzfk,93
z12jy1tw0unnhhdnh23yyvyhjsnljxhf4,94
z12kcx2ahwmpupnw004cdt3rwqfes3xgbns0k,95
z12kix1zlmz3fhmhf04cipe5qpvsxrezbpg0k,96
z12ktfsarrv0wdj3p22ifbxz3zn2fthhw04,97
z12kttwqvzi4fd0ei23rdp4xjt2ef5hbk04,98
z12kuncrps35wp1l0220s3t4ym32dtpin04,99
z12kw53jipujdzqex22qt5vxtoyde3cwg04,100
z12kx35bmpbiez0kp22qxrrrrzecznnw004,101
z12kyn0qjzzzur2ai04cg5szenjxdrorp4w,102
z12lg1vizrmsgxm3q23oij4aqrjxjdd1p,103
z12li5throi5u540y220chro4nn5gl52k,104
z12lsp3pnmqlirwwk04cepijkvrustgbcgs,105
z12lubwrvv35zpzub23ywxbbiuawjbalc,106
z12lzbu4iymmvjgj004cdjaonunljbjwwo00k,107
z12mfnjahrvcgjh4004cdf3buuzshjsrzhw,108
z12mtx5hxnutsxzfn23tsljjrm2mwxtwm04,109
z12mubjyckfjvhmni23bc5nxbnrggtvjq04,110
z12mx3zj3pqigd3nb23xtpzwnriczf0zo04,111
z12mzferzsanzhld022fhhdarrusivwkq,112
z12nejhigtr0tdvy504cgfcrhzvycxzin0k,113
z12ntlcqht2bvjewi04cf1up0xjvs5lq3mc0k,114
z12oep2i2ybiyn0sy23tc1uptrmkhxbse,115
z12oex5p1miewvugp04cgjfqiq3xsxrolhk,116
z12oglnpoq3gjh4om04cfdlbgp2uepyytpw0k,117
z12ohdxjtsatvppjb04cctprprb1slnxdf4,118
z12ovv2xcmmtv5exl04cdxe4ql31dd2jiy00k,119
z12ox3a5vviky5ctq22nz1ewpo24wxyis04,120
z12oxlzh4qjicd2zu04cgfabqtipf3gq4is,121
z12ozx4w5mytupefv23vvxdroqehuvbvv,122
z12pcbng1m2shlgkp23ki1izwkreylid3,123
z12pzpvbfl2igbwhe04cihtpuwymvr5gvsg0k,124
z12qfjubxk2iftnwk04chp5amsmmuvpwh5w,125
z12qfpcgnmjcgfqh104cd3fptuuxzxcp0i4,126
z12qh5dbxp2uwj3s423qg3cqdqmzxrirt04,127
z12qth5j0ob1fx3q404chvy4fz32tbkpllk0k,128
z12qxl3xupmjsbzzg04cfzegyw3xfjjjpfc,129
z12qzr1q3vqdghaln23asbvwhrmftzrox04,130
z12qzzbpbzn4c5zwu04cir5gmzfozhy4cjk,131
z12rc1ebfvrmufz5w04ccl2pmt3ih5dymq40k,132
z12rd3vqqsjydb35a04cfxi4kprfxruh5ew,133
z12rgllzmwnfuba4h04ch3njgy2fg3ryerg0k,134
z12rsjsiimjkjfkwt04ccbgosvrbgxupxu00k,135
z12ruft4aq3thhpbl04cdxrzjvmohjyqhs00k,136
z12scr5ixnexwh2xa04civ3o3k25dr3wkfw,137
z12sil2ziqneyjxpx04cehcgcsmmcr1a3ew,138
z12sitjpgyy3f5j2322iy1figqa4vnyja04,139
z12sjrqiurm3sd4rh04chz4oplrmhzmgzmg0k,140
z12stpyqaonsercxw04cjbr4dlnrxd34soo0k,141
z12svt0reqvqyppzw04cgt1axrqhddcbkfc,142
z12tcdxa5k3bsvtqh04ccnaqusj1vvfju3s,143
z12th3fqdqq5yn0tq23rzboi3wb4tft0y,144
z12ts1xbpzv4sfrsd23rfbjourjgcj5mo,145
z12ttjopmofst1gpp04cc5ezywjrwntjrc0,146
z12tul0onm20hffur22qxhs5mvijddfj404,147
z12tulsausq0ebatg22iy5cwzrvegr2ls,148
z12twf5qnmr2vhzsp23nzvn43uekgp4hq04,149
z12txle43yfhvt0f323eghbxivmuytieq,150
z12tzt2pluixhpbs4221xveiiqafd3epw04,151
z12udxjwpwurtlwz304ccbrhdtusth4herk0k,152
z12ufn5puwnve3b2k22ntjqogym0fllgb04,153
z12ufrszxq3zstw0r22yfbipvqvaypold,154
z12usr54ppaxxf1dl23nhbybruapdnixw04,155
z12uthyi5vratjy0v22ycxxhgpuqs5te2,156
z12uw5z5roiqel3ds22iifbhbmnijn1qz04,157
z12uwhfpwnfrepmhg04ccx2ioxqzip4o0xw0k,158
z12uyzhazxqkzbrzz04cedqpkwzdvjyy3u40k,159
z12vu5grlujzfr4cx23iu5zpdpugzxl4t04,160
z12vvnza4rq5tvzou04cgxeookraexq5opo0k,161
z12vzdda5z3jvliop04cc535ayybt3mwthc,162
z12wilyi3mzzjlzkw225hrzrxvb4tjgln,163
z12wjxmyvzr1yps4d04cfrexyorisrfqpc0,164
z12ws5swdzq4gxqkh23iilpavrmjcjqdy,165
z12wsx5amr3ahbgl122mc5qr5v23vnist,166
z12wuz2qqnawe50js04cejpzosrzdr0r1k40k,167
z12wvpdwfzzkfrerq04civhigpqrcxmxjzc0k,168
z12wvpxppxz3ifk3j224cbsgqraherzrg04,169
z12wz33h0vbdcdel022hu3npdufjjx2mv,170
z12xczhjizrzuhvlp22gh3apkrasg3ggt04,171
z12xgnu4zmroi1vuu221wtihjlbjw3owv04,172
z12xxjkwevvjzvvms22xz3sjqovty3qip04,173
z12yinh5ks2oinqzn04cctkgvvrohbrazvo0k,174
z12yivpznrezu3gyf04ce11xdvmquxzjdo00k,175
z12yu11xyumitzpho04cix1y3zn3ijrpcm40k,176
z12ywjvgdtrhxdlz504cd1tquqvuhbs4abw,177
z12zdj5ptyzpurkan04chtsqjszjxfmrk2w,178
z12zgfgp1rzzct4ft23jxrwozxabfnjjv04,179
z12zjdapzmexcbnsu23qgphzyubsihwsu,180
z12zjztrvlnafvk2n230wjmztyfxxpbk2,181
z12zstfhixudundzf04cjbsp0rjrzh1rw3k,182
z12ztdojvxyhy3bpc04cf34jnnrnfpuyj1c,183
z130dbmz2ourjtupz04chhjrpunwcr4yjrs0k,184
z130gviqarmshdnau04cdzigvs3jepx4qw00k,185
z130i3yaexrmtxyic04ccnk5hwvfs33as0c,186
z130vjpadznpiv44x04cgd1ooljghlzg0es,187
z130xbcwfnj5vlskv23airsxqqfqvhl5504,188
z130zd5b3titudkoe04ccbeohojxuzppvbg,189
z130zp15xof5db0x204cfv55awj1wl3aipc0k,190
z131idupvn3yhf3mv23dwzhi4pqixvwuw,191
z131xnjjtqeyh5dy304cfhm50vagttfyemg0k,192
z132fb4jenqfv5x2r23swfmiyrafyf5ue,193
z132v5iajkjuhfkyn04cg3mxclnnzj0yxmo0k,194
z132yfjb1q2aupnvp224it3zdlfgebvxy04,195
z133gjpr2ybqthyjt04cjjhrtwucsxw4tpk0k,196
z133gnr5wmi1idj0y22delw4knabhvwtq,197
z133jzxzav2gw5lq504cgrnx3lbgulw5onc0k,198
z133tllzkmb0wthup235c5qovo3xzdzqr04,199
z133xzqp3ubgyf2ko22osxkrfzvbd5b2y,200
z134d5hbckywylmj404cgnlo3kysfhsjoeg,201
z135cxegbufxdviso23kgn4rqmbvwxyqp04,202
z135f3rwwnjafnnrv04cirmifl3lipewgl40k,203
z135fnx4ntvdx1rzn04cih1ihmqtsrbzcno0k,204
z135jnejqyylxvxc323tifugxr3idl1oq04,205
z135vx5jfu2mfvwvr22cj11wupbtfr1gz04,206
z135zz0xwx2jetyt523mejn40qifw5hjo04,207
z13actcqdm31slqqu04cctub4n2nw1swwy00k,208
z13aib0jgoiotfxxi04cj5lgulz3zdfrpew,209
z13ajrybhwehvxctd22xjvnjvvfig1mai04,210
z13auhww3oufjn1qo04ci3grqqjmfjexxuo0k,211
z13autsqgzblcx3w104chr4r2kexd10rxc0,212
z13awjrbcpyhinimp23nwztqlrucvdio404,213
z13axbnqtxfrc3ncc23xxp2wivqbgx43o,214
z13bgdvyluihfv11i22rgxwhuvabzz1os04,215
z13cc1abmqz5cjpkc223ybzavyibznjey,216
z13ccrthzkqdhl0ia04cjvobvtmafbd53ow0k,217
z13ce52jzwfitrkup23din4ojputijen3,218
z13chfswltzzyhys1234dvkb3r2ien0ld,219
z13csdop4venytrru04cf11q1wmbdvkrfpo0k,220
z13csxapuz2ggji2n23dsfhobq30yhle1,221
z13cydjppmiostv1l22dtzd5xnbjebax004,222
z13cyzbbqsrxyfaec23xc10rdrrqgd0ch,223
z13dgdl4hyirg3gcd23pw3nw0zrsebpqb04,224
z13dibpi3raby5evk22yzhfwuli2hnj0t,225
z13dsnfaozyyil4m322jijgx5m3aehem2,226
z13dtz1zzkagdromt230g5cqfsejstr3p,227
z13dvrmxorf0cnj0423rsfcjlxevgjwll,228
z13dztbi0nnvdruas04cjrmjwrnvvd4jxjw,229
z13eepr4dyjet34pt04cgr1rctvwsvqwqso0k,230
z13etj0bclzfztuwc04cgfvrgmf3fvjor1g,231
z13etzhwwvzye1oav04cehnitxf5cx2xkts0k,232
z13ezz5zsz3pyhyip04cibtpwwbdejzrmlk0k,233
z13fcn1wfpb5e51xe04chdxakpzgchyaxzo0k,234
z13fdvwhykzhuldpn04cfdtwkyqterlavnk0k,235
z13fgt5wtsf3znibb04cgrfgasztuv5q5wk0k,236
z13fib54ilj0ix3ln23cy5h41xi0hduex,237
z13fwbwp1oujthgqj04chlngpvzmtt3r3dw,238
z13gevgohyzktbztz22mcrcpntfxvpvan04,239
z13ghjrh5vqbetiw104chhdrlsv0szfqbxk0k,240
z13gsp34uumcdje4q04civk54zr4wr0gxjc,241
z13gypjrmumhxromj23jyjhhenvdgpuxh04,242
z13hfnup3tmvxhqfx22yvx4qnwj2gjj2a,243
z13hgfzhnrj3sx0m222sfbo4drq1e5xyp04,244
z13hubqrnwquen2gu04cdbbx4rqgxxcwvo00k,245
z13huxgx5rikd13v422khjnjusyvzxx4c04,246
z13hxl3yoqmlvdlnu23atlqgsoyevlsse,247
z13iuzxwamqhzppyp04cdz1amyzpfdnpdns0k,248
z13iwppp5kf4gnyxn04cjns5kzn4xd0qdwk0k,249
z13jhnc5bozpyx01123nz5ky5yjksrdzm04,250
z13jhp0bxqncu512g22wvzkasxmvvzjaz04,251
z13jsrtahyyqv53jc04cdr4bcwfwg3lauek,252
z13juvrhisuzsfczo04cgnsxhlfdiz2rhho,253
z13jzr151zb4cfmqs04chbrbukncfhzxy40,254
z13kfzqicymszt0jp04ci5gqvqemyb2jsp00k,255
z13kszcinpnvc34v2234fnpxkpmlw3nhc04,256
z13kvvkixzvadn5ii04chnnbsvn3w1pq5dk,257
z13kxpqqssa0hlryd04cc1dxeyyngljjngk,258
z13ky1cgzpjpvdpp004chhebvqnkhnpjmzo0k,259
z13lezboqn35jtqlm23mcpgp3tjbghmvk,260
z13lfzdo5vmdi1cm123te5uz2mqig1brz04,261
z13lip25arigch3rj04cf1ko0pnczzyrtng0k,262
z13mc51qfqeozdpun23kgri5kzjnjpitj,263
z13mcpkzpoz1hj3o304cfd3oouf2tj1rnk40k,264
z13mebgjooulgzdkt23kzvlqjyrzx32n0,265
z13mtrjqsqzliho5w04cex3zmoqfvnpgyys0k,266
z13mzp44ul21sdqcj22sgriokxyuy5det,267
z13neh044nq2wn0o404citkh2taufzqxuz40k,268
z13nvr2xayrwffsio04cj3zwyuf3vb1imdg,269
z13nvtepirfuhrral04cc10xkkygibq53t40k,270
z13nw3lhgt2nf5wwe04cdlx5iyaydznrve0,271
z13nwn54ukukyhdfb223vttqnu31hvf4k04,272
z13oc52ihn22tfz3n231vv4bvxrujn0f0,273
z13osfxhtkfmwpxue234z3wimzmcs1k2x,274
z13osluqrpefv1hd323idhejzxanc3ai004,275
z13osnp4hnzry1o15224yfzbotr0epxqk04,276
z13oyfkydl30exyip04cejozdtahgvx44ao,277
z13ozdmr4lf3uzc5z04cix2zkyjzgvcyemw0k,278
z13pdjsgqkjjtnlqz04cgtxafxqtylmixxg0k,279
z13pejoiuozwxtdu323dspopnri4xts0f,280
z13pfnrxuyelivdoz04cgdx4esa2dxeymck,281
z13phfyxhovav1hl122bf5iidumufzbel,282
z13phrmwrkfisn5er22eyrbpbvaiwfvwf04,283
z13pitkr5prbgf3ja04cjjg4qme3txjpyqc0k,284
z13pv52hkmf4jn23g22nzx5zqr2gen1gv04,285
z13pzv4gkkj3hpe4g04ccdma2vbtcliiu1c,286
z13qe1myote4hhwox04chrdxbv30dhraerc0k,287
z13qgpqwlqbgj5jqy04cgnjqruv0gpdaino0k,288
z13qgviizlv1d1c1422lylyahqz2h1zm5,289
z13qgx0yzwf1uj1xm04ccbkhjnrsgz0i41g,290
z13qhxcb2ybzszosx22rh5hwhmmccpjx404,291
z13qyxk5tzq1e5asx22xjt3wdq3ns32f5,292
z13rdtkxmnfsdptlc22qwryhlsrfslcht04,293
z13rwrwppmyugtzco23xzjswqmrzilyxw04,294
z13sfdopwvmpcfo3023cj3w54q30ftk1x,295
z13sgnbzkwjqhhd5004cfzaheobvzbuopyg0k,296
z13sh3cz1kbqgrai504cf53qsq25ypmi5zs0k,297
z13shj4wpmflidcxc04ce5f4vlqdyzjowso0k,298
z13stv3brxe1snv2i225fnvganneudej004,299
z13supiartrcdr4la22xc3aripu2x1z3a,300
z13sw1fapx2dijgv323dur5rcyz3urnut,301
z13sx1mitrmpcls3f22hi5ep1yq5cvmld,302
z13tczojhrqbjhv2c23kfby5wpysgpopa04,303
z13tdv5jmlfpzj1rf04cd3ng4ljqjngxflg0k,304
z13th1q4yzihf1bll23qxzpjeujterydj,305
z13tj514otzlurfbc04ccjwhrnmej1iihqw0k,306
z13ttt1jcraqexk2o234ghbgzxymz1zzi04,307
z13ucxa51rnftvu2j22if5oihq2qipjlp,308
z13ucxdzemugi1v5n04ccjloko25drfb4js,309
z13udh04hqjeyney404cgloh0vbegbmgvq40k,310
z13uffbajziyw5cfp23bwbw5auytzdl5b04,311
z13uhbtohvm4yxq0d22lvbyx3ratct1ju04,312
z13uud25otb0ird2h230chu54neyehsbg04,313
z13uzhdomzvbffvwa04cgplq2zewfz2hm2k,314
z13vc32olxm2znkjz04cd35gnozjebqhlig,315
z13vhnh5ewvdyzh3o23bjz55lxbwjznor04,316
z13vhvu54u3ewpp5h04ccb4zuoardrmjlyk0k,317
z13vs53zipmszf1ib04cerd5xlmzdz5qlzw0k,318
z13vsbcjwrybe3hsf23sgvnxfr3zxnion04,319
z13vx3kbgmq5fnlgj04cfdoqtpfyw5xqzuc0k,320
z13vxpnoxsyeuv2jr04cctprprb1slnxdf4,321
z13welx54xa4irprk04cfljw0o3gcnkrxzg0k,322
z13wf3fztpfffjoit04chjaxhkurtf1oh5g,323
z13wfr2rbwytwbhf123cs1l5lz2aefdex,324
z13whrhzczjfx5ozo04chrtiyzunjjewwlk0k,325
z13wj1pgwlfjjjn4d04cilo5nwnhsbdavzg0k,326
z13wtr2yssezhdaqa04cjvbody3qwjhpwk00k,327
z13wzt5yezvhsboz104cjlkqalz0fpcglmk0k,328
z13xgr1w3oeycnszq04cihybwtimi3vqc40,329
z13xhp2xmkeowtbyo04cffggylf3yjjpsns0k,330
z13xit5agm2zyh4f523rst2gowmbx5bml,331
z13xslra3myri3jsn22hs1wxbyuvxplr004,332
z13xsxxqlxnzz3d3g22wfjx5lsrjgpaic04,333
z13xtdlovm2hzl05d04ccz1pnvqtezdriqc0k,334
z13xwborhli2vdrab04chblgxvjattz4ezs0k,335
z13xytyybsypw34yv04cc33xkke1grugh2w,336
z13ycvc43ynaerptk235dhnwnqf1hdhwl04,337
z13ydfww3ruysvtmv23muhspwqqjszwjc04,338
z13yeb25wmevhpg3s22chjtxoszvgxxxl04,339
z13ytrypzmmxwrqsw22hfhf4ivbot5w2q,340
z13zfpqpvpyvwfymk232ux4odsr1s5wm0,341
z13zhhualofpyz22z22pydei0oeyt5abc04,342
z13zj1grjzqhhxzlj23gdpzaovunwnn0f,343
z13zjbvbeszjcvdsx22ww5cgcrydzlf5u04,344
z13zuxpykozmevuf222nh5vr3taqvbqun,345
z13zv3phsxnput04k04cdnkw4svghdnas4c,346
z13zvh1rmk3cf3mby04civbq5mjtddmbysk0k,347
z13zxdkalk3ryvxr004cj1vabkn2dvcyusg0k,348
z13zy52aayqxsx5nr23curipvrretdy35,349
z13zz3cjwmztcni0p23ug3vb0pasfvzqc04,350
