$PATH,1
%,2
1%,3
2%,4
&,5
&,6
&,7
&,8
&,9
&,10
&,11
&,12
&,13
**EOF**,14
**EOF**,15
**EOF**,16
**EOF**,17
**EOF**,18
**EOF**,19
**EOF**,20
**EOF**,21
**EOF**,22
**EOF**,23
**EOF**,24
**EOF**,25
**EOF**,26
**EOF**,27
**EOF**,28
**EOF**,29
**EOF**,30
**EOF**,31
**EOF**,32
**EOF**,33
**EOF**,34
**EOF**,35
**EOF**,36
**EOF**,37
**EOF**,38
**EOF**,39
**EOF**,40
**EOF**,41
**EOF**,42
**EOF**,43
**EOF**,44
**EOF**,45
**EOF**,46
**EOF**,47
**EOF**,48
**EOF**,49
**EOF**,50
**EOF**,51
**EOF**,52
**EOF**,53
**EOF**,54
**EOF**,55
**EOF**,56
**EOF**,57
**EOF**,58
**EOF**,59
**EOF**,60
**EOF**,61
**EOF**,62
**EOF**,63
**EOF**,64
**EOF**,65
**EOF**,66
**EOF**,67
**EOF**,68
**EOF**,69
**EOF**,70
**EOF**,71
**EOF**,72
**EOF**,73
**EOF**,74
**EOF**,75
**EOF**,76
**EOF**,77
**EOF**,78
**EOF**,79
**EOF**,80
**EOF**,81
**EOF**,82
**EOF**,83
**EOF**,84
**EOF**,85
**EOF**,86
**EOF**,87
**EOF**,88
**EOF**,89
**EOF**,90
**EOF**,91
**EOF**,92
**EOF**,93
**EOF**,94
**EOF**,95
**EOF**,96
**EOF**,97
**EOF**,98
**EOF**,99
**EOF**,100
**EOF**,101
**EOF**,102
**EOF**,103
**EOF**,104
**EOF**,105
**EOF**,106
**EOF**,107
**EOF**,108
**EOF**,109
**EOF**,110
**EOF**,111
**EOF**,112
**EOF**,113
**EOF**,114
**EOF**,115
**EOF**,116
**EOF**,117
**EOF**,118
**EOF**,119
**EOF**,120
**EOF**,121
**EOF**,122
**EOF**,123
**EOF**,124
**EOF**,125
**EOF**,126
**EOF**,127
**EOF**,128
**EOF**,129
**EOF**,130
**EOF**,131
**EOF**,132
**EOF**,133
**EOF**,134
**EOF**,135
**EOF**,136
**EOF**,137
**EOF**,138
**EOF**,139
**EOF**,140
**EOF**,141
**EOF**,142
**EOF**,143
**EOF**,144
**EOF**,145
**EOF**,146
**EOF**,147
**EOF**,148
**EOF**,149
**EOF**,150
**EOF**,151
**EOF**,152
**EOF**,153
**EOF**,154
**EOF**,155
**EOF**,156
**EOF**,157
**EOF**,158
**EOF**,159
**EOF**,160
**EOF**,161
**EOF**,162
**EOF**,163
**EOF**,164
**EOF**,165
**EOF**,166
**EOF**,167
**EOF**,168
**EOF**,169
**EOF**,170
**EOF**,171
**EOF**,172
**EOF**,173
**EOF**,174
**EOF**,175
**EOF**,176
**EOF**,177
**EOF**,178
**EOF**,179
**EOF**,180
**EOF**,181
**EOF**,182
**EOF**,183
**EOF**,184
**EOF**,185
**EOF**,186
**EOF**,187
**EOF**,188
**EOF**,189
**EOF**,190
**EOF**,191
**EOF**,192
**EOF**,193
**EOF**,194
**EOF**,195
**EOF**,196
**EOF**,197
**EOF**,198
**EOF**,199
**EOF**,200
**EOF**,201
**EOF**,202
**EOF**,203
**EOF**,204
**EOF**,205
**EOF**,206
**EOF**,207
**EOF**,208
**EOF**,209
**EOF**,210
**EOF**,211
**EOF**,212
**EOF**,213
**EOF**,214
**EOF**,215
**EOF**,216
**EOF**,217
**EOF**,218
**EOF**,219
**EOF**,220
**EOF**,221
**EOF**,222
**EOF**,223
**EOF**,224
**EOF**,225
**EOF**,226
**EOF**,227
**EOF**,228
**EOF**,229
**EOF**,230
**EOF**,231
**EOF**,232
**EOF**,233
**EOF**,234
**EOF**,235
**EOF**,236
**EOF**,237
**EOF**,238
**EOF**,239
**EOF**,240
**EOF**,241
**EOF**,242
**EOF**,243
**EOF**,244
**EOF**,245
**EOF**,246
**EOF**,247
**EOF**,248
**EOF**,249
**EOF**,250
**EOF**,251
**EOF**,252
**EOF**,253
**EOF**,254
**EOF**,255
**EOF**,256
**EOF**,257
**EOF**,258
**EOF**,259
**EOF**,260
**EOF**,261
**EOF**,262
**EOF**,263
**EOF**,264
**EOF**,265
**EOF**,266
**EOF**,267
**EOF**,268
**EOF**,269
**EOF**,270
**EOF**,271
**EOF**,272
**EOF**,273
**EOF**,274
**EOF**,275
**EOF**,276
**EOF**,277
**EOF**,278
**EOF**,279
**EOF**,280
**EOF**,281
**EOF**,282
**EOF**,283
**EOF**,284
**EOF**,285
**EOF**,286
**EOF**,287
**EOF**,288
**EOF**,289
**EOF**,290
**EOF**,291
**EOF**,292
**EOF**,293
**EOF**,294
**EOF**,295
**EOF**,296
**EOF**,297
**EOF**,298
**EOF**,299
**EOF**,300
**EOF**,301
**EOF**,302
**EOF**,303
**EOF**,304
**EOF**,305
**EOF**,306
**EOF**,307
**EOF**,308
**EOF**,309
**EOF**,310
**EOF**,311
**EOF**,312
**EOF**,313
**EOF**,314
**EOF**,315
**EOF**,316
**EOF**,317
**EOF**,318
**EOF**,319
**EOF**,320
**EOF**,321
**EOF**,322
**EOF**,323
**EOF**,324
**EOF**,325
**EOF**,326
**EOF**,327
**EOF**,328
**EOF**,329
**EOF**,330
**EOF**,331
**EOF**,332
**EOF**,333
**EOF**,334
**EOF**,335
**EOF**,336
**EOF**,337
**EOF**,338
**EOF**,339
**EOF**,340
**EOF**,341
**EOF**,342
**EOF**,343
**EOF**,344
**EOF**,345
**EOF**,346
**EOF**,347
**EOF**,348
**EOF**,349
**EOF**,350
**EOF**,351
**EOF**,352
**EOF**,353
**EOF**,354
**EOF**,355
**EOF**,356
**EOF**,357
**EOF**,358
**EOF**,359
**EOF**,360
**EOF**,361
**EOF**,362
**EOF**,363
**EOF**,364
**EOF**,365
**EOF**,366
**EOF**,367
**EOF**,368
**EOF**,369
**EOF**,370
**EOF**,371
**EOF**,372
**EOF**,373
**EOF**,374
**EOF**,375
**EOF**,376
**EOF**,377
**EOF**,378
**EOF**,379
**EOF**,380
**EOF**,381
**EOF**,382
**EOF**,383
**EOF**,384
**EOF**,385
**EOF**,386
**EOF**,387
**EOF**,388
**EOF**,389
**EOF**,390
**EOF**,391
**EOF**,392
**EOF**,393
**EOF**,394
**EOF**,395
**EOF**,396
**EOF**,397
**EOF**,398
**EOF**,399
**EOF**,400
**EOF**,401
**EOF**,402
**EOF**,403
**EOF**,404
**EOF**,405
**EOF**,406
**EOF**,407
**EOF**,408
**EOF**,409
**EOF**,410
**EOF**,411
**EOF**,412
**EOF**,413
**EOF**,414
**EOF**,415
**EOF**,416
**EOF**,417
**EOF**,418
**EOF**,419
**EOF**,420
**EOF**,421
**EOF**,422
**EOF**,423
**EOF**,424
**EOF**,425
**EOF**,426
**EOF**,427
**EOF**,428
**EOF**,429
**EOF**,430
**EOF**,431
**EOF**,432
**EOF**,433
**EOF**,434
**EOF**,435
**EOF**,436
**EOF**,437
**EOF**,438
**EOF**,439
**EOF**,440
**EOF**,441
**EOF**,442
**EOF**,443
**EOF**,444
**EOF**,445
**EOF**,446
**EOF**,447
**EOF**,448
**EOF**,449
**EOF**,450
**EOF**,451
**EOF**,452
**EOF**,453
**EOF**,454
**EOF**,455
**EOF**,456
**EOF**,457
**EOF**,458
**EOF**,459
**EOF**,460
**EOF**,461
**EOF**,462
**EOF**,463
**EOF**,464
**EOF**,465
**EOF**,466
**EOF**,467
**EOF**,468
**EOF**,469
**EOF**,470
**EOF**,471
**EOF**,472
**EOF**,473
**EOF**,474
**EOF**,475
**EOF**,476
**EOF**,477
**EOF**,478
**EOF**,479
**EOF**,480
**EOF**,481
**EOF**,482
**EOF**,483
**EOF**,484
**EOF**,485
**EOF**,486
**EOF**,487
**EOF**,488
**EOF**,489
**EOF**,490
**EOF**,491
**EOF**,492
**EOF**,493
**EOF**,494
**EOF**,495
**EOF**,496
**EOF**,497
**EOF**,498
**EOF**,499
**EOF**,500
**EOF**,501
**EOF**,502
**EOF**,503
**EOF**,504
**EOF**,505
**EOF**,506
**EOF**,507
**EOF**,508
**EOF**,509
**EOF**,510
**EOF**,511
**EOF**,512
**EOF**,513
**EOF**,514
**EOF**,515
**EOF**,516
**EOF**,517
**EOF**,518
**EOF**,519
**EOF**,520
**EOF**,521
**EOF**,522
**EOF**,523
**EOF**,524
**EOF**,525
**EOF**,526
**EOF**,527
**EOF**,528
**EOF**,529
**EOF**,530
**EOF**,531
**EOF**,532
**EOF**,533
**EOF**,534
**EOF**,535
**EOF**,536
**EOF**,537
**EOF**,538
**EOF**,539
**EOF**,540
**EOF**,541
**EOF**,542
**EOF**,543
**EOF**,544
**EOF**,545
**EOF**,546
**EOF**,547
**EOF**,548
**EOF**,549
**EOF**,550
**EOF**,551
**EOF**,552
**EOF**,553
**EOF**,554
**EOF**,555
**EOF**,556
**EOF**,557
**EOF**,558
**EOF**,559
**EOF**,560
**EOF**,561
**EOF**,562
**EOF**,563
**EOF**,564
**EOF**,565
**EOF**,566
**EOF**,567
**EOF**,568
**EOF**,569
**EOF**,570
**EOF**,571
**EOF**,572
**EOF**,573
**EOF**,574
**EOF**,575
**EOF**,576
**EOF**,577
**EOF**,578
**EOF**,579
**EOF**,580
**SOF**,581
**SOF**,582
**SOF**,583
**SOF**,584
**SOF**,585
**SOF**,586
**SOF**,587
**SOF**,588
**SOF**,589
**SOF**,590
**SOF**,591
**SOF**,592
**SOF**,593
**SOF**,594
**SOF**,595
**SOF**,596
**SOF**,597
**SOF**,598
**SOF**,599
**SOF**,600
**SOF**,601
**SOF**,602
**SOF**,603
**SOF**,604
**SOF**,605
**SOF**,606
**SOF**,607
**SOF**,608
**SOF**,609
**SOF**,610
**SOF**,611
**SOF**,612
**SOF**,613
**SOF**,614
**SOF**,615
**SOF**,616
**SOF**,617
**SOF**,618
**SOF**,619
**SOF**,620
**SOF**,621
**SOF**,622
**SOF**,623
**SOF**,624
**SOF**,625
**SOF**,626
**SOF**,627
**SOF**,628
**SOF**,629
**SOF**,630
**SOF**,631
**SOF**,632
**SOF**,633
**SOF**,634
**SOF**,635
**SOF**,636
**SOF**,637
**SOF**,638
**SOF**,639
**SOF**,640
**SOF**,641
**SOF**,642
**SOF**,643
**SOF**,644
**SOF**,645
**SOF**,646
**SOF**,647
**SOF**,648
**SOF**,649
**SOF**,650
**SOF**,651
**SOF**,652
**SOF**,653
**SOF**,654
**SOF**,655
**SOF**,656
**SOF**,657
**SOF**,658
**SOF**,659
**SOF**,660
**SOF**,661
**SOF**,662
**SOF**,663
**SOF**,664
**SOF**,665
**SOF**,666
**SOF**,667
**SOF**,668
**SOF**,669
**SOF**,670
**SOF**,671
**SOF**,672
**SOF**,673
**SOF**,674
**SOF**,675
**SOF**,676
**SOF**,677
**SOF**,678
**SOF**,679
**SOF**,680
**SOF**,681
**SOF**,682
**SOF**,683
**SOF**,684
**SOF**,685
**SOF**,686
**SOF**,687
**SOF**,688
**SOF**,689
**SOF**,690
**SOF**,691
**SOF**,692
**SOF**,693
**SOF**,694
**SOF**,695
**SOF**,696
**SOF**,697
**SOF**,698
**SOF**,699
**SOF**,700
**SOF**,701
**SOF**,702
**SOF**,703
**SOF**,704
**SOF**,705
**SOF**,706
**SOF**,707
**SOF**,708
**SOF**,709
**SOF**,710
**SOF**,711
**SOF**,712
**SOF**,713
**SOF**,714
**SOF**,715
**SOF**,716
**SOF**,717
**SOF**,718
**SOF**,719
**SOF**,720
**SOF**,721
**SOF**,722
**SOF**,723
**SOF**,724
**SOF**,725
**SOF**,726
**SOF**,727
**SOF**,728
**SOF**,729
**SOF**,730
**SOF**,731
**SOF**,732
**SOF**,733
**SOF**,734
**SOF**,735
**SOF**,736
**SOF**,737
**SOF**,738
**SOF**,739
**SOF**,740
**SOF**,741
**SOF**,742
**SOF**,743
**SOF**,744
**SOF**,745
**SOF**,746
**SOF**,747
**SOF**,748
**SOF**,749
**SOF**,750
**SOF**,751
**SOF**,752
**SOF**,753
**SOF**,754
**SOF**,755
**SOF**,756
**SOF**,757
**SOF**,758
**SOF**,759
**SOF**,760
**SOF**,761
**SOF**,762
**SOF**,763
**SOF**,764
**SOF**,765
**SOF**,766
**SOF**,767
**SOF**,768
**SOF**,769
**SOF**,770
**SOF**,771
**SOF**,772
**SOF**,773
**SOF**,774
**SOF**,775
**SOF**,776
**SOF**,777
**SOF**,778
**SOF**,779
**SOF**,780
**SOF**,781
**SOF**,782
**SOF**,783
**SOF**,784
**SOF**,785
**SOF**,786
**SOF**,787
**SOF**,788
**SOF**,789
**SOF**,790
**SOF**,791
**SOF**,792
**SOF**,793
**SOF**,794
**SOF**,795
**SOF**,796
**SOF**,797
**SOF**,798
**SOF**,799
**SOF**,800
**SOF**,801
**SOF**,802
**SOF**,803
**SOF**,804
**SOF**,805
**SOF**,806
**SOF**,807
**SOF**,808
**SOF**,809
**SOF**,810
**SOF**,811
**SOF**,812
**SOF**,813
**SOF**,814
**SOF**,815
**SOF**,816
**SOF**,817
**SOF**,818
**SOF**,819
**SOF**,820
**SOF**,821
**SOF**,822
**SOF**,823
**SOF**,824
**SOF**,825
**SOF**,826
**SOF**,827
**SOF**,828
**SOF**,829
**SOF**,830
**SOF**,831
**SOF**,832
**SOF**,833
**SOF**,834
**SOF**,835
**SOF**,836
**SOF**,837
**SOF**,838
**SOF**,839
**SOF**,840
**SOF**,841
**SOF**,842
**SOF**,843
**SOF**,844
**SOF**,845
**SOF**,846
**SOF**,847
**SOF**,848
**SOF**,849
**SOF**,850
**SOF**,851
**SOF**,852
**SOF**,853
**SOF**,854
**SOF**,855
**SOF**,856
**SOF**,857
**SOF**,858
**SOF**,859
**SOF**,860
**SOF**,861
**SOF**,862
**SOF**,863
**SOF**,864
**SOF**,865
**SOF**,866
**SOF**,867
**SOF**,868
**SOF**,869
**SOF**,870
**SOF**,871
**SOF**,872
**SOF**,873
**SOF**,874
**SOF**,875
**SOF**,876
**SOF**,877
**SOF**,878
**SOF**,879
**SOF**,880
**SOF**,881
**SOF**,882
**SOF**,883
**SOF**,884
**SOF**,885
**SOF**,886
**SOF**,887
**SOF**,888
**SOF**,889
**SOF**,890
**SOF**,891
**SOF**,892
**SOF**,893
**SOF**,894
**SOF**,895
**SOF**,896
**SOF**,897
**SOF**,898
**SOF**,899
**SOF**,900
**SOF**,901
**SOF**,902
**SOF**,903
**SOF**,904
**SOF**,905
**SOF**,906
**SOF**,907
**SOF**,908
**SOF**,909
**SOF**,910
**SOF**,911
**SOF**,912
**SOF**,913
**SOF**,914
**SOF**,915
**SOF**,916
**SOF**,917
**SOF**,918
**SOF**,919
**SOF**,920
**SOF**,921
**SOF**,922
**SOF**,923
**SOF**,924
**SOF**,925
**SOF**,926
**SOF**,927
**SOF**,928
**SOF**,929
**SOF**,930
**SOF**,931
**SOF**,932
**SOF**,933
**SOF**,934
**SOF**,935
**SOF**,936
**SOF**,937
**SOF**,938
**SOF**,939
**SOF**,940
**SOF**,941
**SOF**,942
**SOF**,943
**SOF**,944
**SOF**,945
**SOF**,946
**SOF**,947
**SOF**,948
**SOF**,949
**SOF**,950
**SOF**,951
**SOF**,952
**SOF**,953
**SOF**,954
**SOF**,955
**SOF**,956
**SOF**,957
**SOF**,958
**SOF**,959
**SOF**,960
**SOF**,961
**SOF**,962
**SOF**,963
**SOF**,964
**SOF**,965
**SOF**,966
**SOF**,967
**SOF**,968
**SOF**,969
**SOF**,970
**SOF**,971
**SOF**,972
**SOF**,973
**SOF**,974
**SOF**,975
**SOF**,976
**SOF**,977
**SOF**,978
**SOF**,979
**SOF**,980
**SOF**,981
**SOF**,982
**SOF**,983
**SOF**,984
**SOF**,985
**SOF**,986
**SOF**,987
**SOF**,988
**SOF**,989
**SOF**,990
**SOF**,991
**SOF**,992
**SOF**,993
**SOF**,994
**SOF**,995
**SOF**,996
**SOF**,997
**SOF**,998
**SOF**,999
**SOF**,1000
**SOF**,1001
**SOF**,1002
**SOF**,1003
**SOF**,1004
**SOF**,1005
**SOF**,1006
**SOF**,1007
**SOF**,1008
**SOF**,1009
**SOF**,1010
**SOF**,1011
**SOF**,1012
**SOF**,1013
**SOF**,1014
**SOF**,1015
**SOF**,1016
**SOF**,1017
**SOF**,1018
**SOF**,1019
**SOF**,1020
**SOF**,1021
**SOF**,1022
**SOF**,1023
**SOF**,1024
**SOF**,1025
**SOF**,1026
**SOF**,1027
**SOF**,1028
**SOF**,1029
**SOF**,1030
**SOF**,1031
**SOF**,1032
**SOF**,1033
**SOF**,1034
**SOF**,1035
**SOF**,1036
**SOF**,1037
**SOF**,1038
**SOF**,1039
**SOF**,1040
**SOF**,1041
**SOF**,1042
**SOF**,1043
**SOF**,1044
**SOF**,1045
**SOF**,1046
**SOF**,1047
**SOF**,1048
**SOF**,1049
**SOF**,1050
**SOF**,1051
**SOF**,1052
**SOF**,1053
**SOF**,1054
**SOF**,1055
**SOF**,1056
**SOF**,1057
**SOF**,1058
**SOF**,1059
**SOF**,1060
**SOF**,1061
**SOF**,1062
**SOF**,1063
**SOF**,1064
**SOF**,1065
**SOF**,1066
**SOF**,1067
**SOF**,1068
**SOF**,1069
**SOF**,1070
**SOF**,1071
**SOF**,1072
**SOF**,1073
**SOF**,1074
**SOF**,1075
**SOF**,1076
**SOF**,1077
**SOF**,1078
**SOF**,1079
**SOF**,1080
**SOF**,1081
**SOF**,1082
**SOF**,1083
**SOF**,1084
**SOF**,1085
**SOF**,1086
**SOF**,1087
**SOF**,1088
**SOF**,1089
**SOF**,1090
**SOF**,1091
**SOF**,1092
**SOF**,1093
**SOF**,1094
**SOF**,1095
**SOF**,1096
**SOF**,1097
**SOF**,1098
**SOF**,1099
**SOF**,1100
**SOF**,1101
**SOF**,1102
**SOF**,1103
**SOF**,1104
**SOF**,1105
**SOF**,1106
**SOF**,1107
**SOF**,1108
**SOF**,1109
**SOF**,1110
**SOF**,1111
**SOF**,1112
**SOF**,1113
**SOF**,1114
**SOF**,1115
**SOF**,1116
**SOF**,1117
**SOF**,1118
**SOF**,1119
**SOF**,1120
**SOF**,1121
**SOF**,1122
**SOF**,1123
**SOF**,1124
**SOF**,1125
**SOF**,1126
**SOF**,1127
**SOF**,1128
**SOF**,1129
**SOF**,1130
**SOF**,1131
**SOF**,1132
**SOF**,1133
**SOF**,1134
**SOF**,1135
**SOF**,1136
**SOF**,1137
**SOF**,1138
**SOF**,1139
**SOF**,1140
**SOF**,1141
**SOF**,1142
**SOF**,1143
**SOF**,1144
**SOF**,1145
**SOF**,1146
**SOF**,1147
-2rG,1148
-2rG,1149
-2rG,1150
-9,1151
-9,1152
-9,1153
-9,1154
-9,1155
-9,1156
-9,1157
-9,1158
-9,1159
-9,1160
-9,1161
-9,1162
-9,1163
-9,1164
-9,1165
#NAME?,1166
#NAME?,1167
#NAME?,1168
#NAME?,1169
#NAME?,1170
#NAME?,1171
#NAME?,1172
#NAME?,1173
#NAME?,1174
#NAME?,1175
#NAME?,1176
#NAME?,1177
#NAME?,1178
#NAME?,1179
#NAME?,1180
#NAME?,1181
#NAME?,1182
#NAME?,1183
#NAME?,1184
#NAME?,1185
#NAME?,1186
#NAME?,1187
#NAME?,1188
#NAME?,1189
#NAME?,1190
#NAME?,1191
#NAME?,1192
#NAME?,1193
#NAME?,1194
#NAME?,1195
#NAME?,1196
#NAME?,1197
#NAME?,1198
#NAME?,1199
#NAME?,1200
#NAME?,1201
#NAME?,1202
#NAME?,1203
#NAME?,1204
#NAME?,1205
#NAME?,1206
#NAME?,1207
#NAME?,1208
#NAME?,1209
#NAME?,1210
#NAME?,1211
#NAME?,1212
#NAME?,1213
#NAME?,1214
#NAME?,1215
#NAME?,1216
#NAME?,1217
#NAME?,1218
#NAME?,1219
#NAME?,1220
#NAME?,1221
#NAME?,1222
#NAME?,1223
#NAME?,1224
#NAME?,1225
#NAME?,1226
#NAME?,1227
#NAME?,1228
#NAME?,1229
#NAME?,1230
#NAME?,1231
#NAME?,1232
#NAME?,1233
#NAME?,1234
#NAME?,1235
#NAME?,1236
#NAME?,1237
#NAME?,1238
#NAME?,1239
#NAME?,1240
#NAME?,1241
#NAME?,1242
#NAME?,1243
#NAME?,1244
#NAME?,1245
#NAME?,1246
#NAME?,1247
#NAME?,1248
#NAME?,1249
#NAME?,1250
#NAME?,1251
#NAME?,1252
#NAME?,1253
#NAME?,1254
#NAME?,1255
#NAME?,1256
#NAME?,1257
#NAME?,1258
#NAME?,1259
#NAME?,1260
#NAME?,1261
#NAME?,1262
#NAME?,1263
#NAME?,1264
#NAME?,1265
#NAME?,1266
#NAME?,1267
#NAME?,1268
#NAME?,1269
#NAME?,1270
#NAME?,1271
#NAME?,1272
#NAME?,1273
#NAME?,1274
#NAME?,1275
#NAME?,1276
#NAME?,1277
#NAME?,1278
#NAME?,1279
#NAME?,1280
#NAME?,1281
#NAME?,1282
#NAME?,1283
#NAME?,1284
#NAME?,1285
#NAME?,1286
#NAME?,1287
#NAME?,1288
#NAME?,1289
#NAME?,1290
#NAME?,1291
#NAME?,1292
#NAME?,1293
#NAME?,1294
#NAME?,1295
#NAME?,1296
#NAME?,1297
#NAME?,1298
#NAME?,1299
#NAME?,1300
#NAME?,1301
#NAME?,1302
#NAME?,1303
#NAME?,1304
#NAME?,1305
#NAME?,1306
#NAME?,1307
#NAME?,1308
#NAME?,1309
#NAME?,1310
#NAME?,1311
#NAME?,1312
#NAME?,1313
#NAME?,1314
#NAME?,1315
#NAME?,1316
#NAME?,1317
#NAME?,1318
#NAME?,1319
#NAME?,1320
#NAME?,1321
#NAME?,1322
#NAME?,1323
#NAME?,1324
#NAME?,1325
#NAME?,1326
#NAME?,1327
#NAME?,1328
#NAME?,1329
#NAME?,1330
#NAME?,1331
#NAME?,1332
#NAME?,1333
#NAME?,1334
#NAME?,1335
#NAME?,1336
#NAME?,1337
#NAME?,1338
#NAME?,1339
#NAME?,1340
#NAME?,1341
#NAME?,1342
#NAME?,1343
#NAME?,1344
#NAME?,1345
#NAME?,1346
#NAME?,1347
#NAME?,1348
#NAME?,1349
#NAME?,1350
#NAME?,1351
#NAME?,1352
#NAME?,1353
#NAME?,1354
#NAME?,1355
#NAME?,1356
#NAME?,1357
#NAME?,1358
#NAME?,1359
#NAME?,1360
#NAME?,1361
0,1362
0,1363
0,1364
0,1365
0,1366
#NAME?,1367
#NAME?,1368
#NAME?,1369
#NAME?,1370
#NAME?,1371
#NAME?,1372
#NAME?,1373
#NAME?,1374
#NAME?,1375
#NAME?,1376
#NAME?,1377
#NAME?,1378
#NAME?,1379
#NAME?,1380
#NAME?,1381
#NAME?,1382
#NAME?,1383
#NAME?,1384
#NAME?,1385
#NAME?,1386
#NAME?,1387
#NAME?,1388
#NAME?,1389
#NAME?,1390
#NAME?,1391
#NAME?,1392
#NAME?,1393
#NAME?,1394
#NAME?,1395
#NAME?,1396
#NAME?,1397
#NAME?,1398
#NAME?,1399
#NAME?,1400
#NAME?,1401
#NAME?,1402
#NAME?,1403
#NAME?,1404
#NAME?,1405
#NAME?,1406
#NAME?,1407
#NAME?,1408
#NAME?,1409
#NAME?,1410
#NAME?,1411
#NAME?,1412
#NAME?,1413
#NAME?,1414
#NAME?,1415
#NAME?,1416
#NAME?,1417
#NAME?,1418
#NAME?,1419
#NAME?,1420
#NAME?,1421
#NAME?,1422
#NAME?,1423
#NAME?,1424
#NAME?,1425
#NAME?,1426
#NAME?,1427
#NAME?,1428
#NAME?,1429
#NAME?,1430
#NAME?,1431
#NAME?,1432
#NAME?,1433
#NAME?,1434
#NAME?,1435
#NAME?,1436
#NAME?,1437
#NAME?,1438
#NAME?,1439
-R,1440
-R,1441
-R,1442
-R,1443
#NAME?,1444
#NAME?,1445
#NAME?,1446
#NAME?,1447
#NAME?,1448
#NAME?,1449
#NAME?,1450
#NAME?,1451
#NAME?,1452
#NAME?,1453
#NAME?,1454
#NAME?,1455
#NAME?,1456
#NAME?,1457
#NAME?,1458
#NAME?,1459
#NAME?,1460
#NAME?,1461
#NAME?,1462
#NAME?,1463
#NAME?,1464
#NAME?,1465
#NAME?,1466
#NAME?,1467
#NAME?,1468
#NAME?,1469
#NAME?,1470
#NAME?,1471
#NAME?,1472
#NAME?,1473
#NAME?,1474
#NAME?,1475
#NAME?,1476
#NAME?,1477
#NAME?,1478
#NAME?,1479
#NAME?,1480
#NAME?,1481
#NAME?,1482
#NAME?,1483
#NAME?,1484
#NAME?,1485
#NAME?,1486
#NAME?,1487
#NAME?,1488
#NAME?,1489
#NAME?,1490
#NAME?,1491
#NAME?,1492
#NAME?,1493
#NAME?,1494
#NAME?,1495
#NAME?,1496
#NAME?,1497
#NAME?,1498
#NAME?,1499
#NAME?,1500
#NAME?,1501
#NAME?,1502
#NAME?,1503
#NAME?,1504
#NAME?,1505
#NAME?,1506
#NAME?,1507
#NAME?,1508
#NAME?,1509
#NAME?,1510
#NAME?,1511
#NAME?,1512
#NAME?,1513
#NAME?,1514
#NAME?,1515
#NAME?,1516
#NAME?,1517
#NAME?,1518
#NAME?,1519
#NAME?,1520
#NAME?,1521
#NAME?,1522
#NAME?,1523
#NAME?,1524
#NAME?,1525
#NAME?,1526
1,1527
:q,1528
;,1529
;,1530
;,1531
;,1532
;,1533
;,1534
<,1535
<,1536
<,1537
<,1538
<,1539
<,1540
<,1541
<,1542
<,1543
<1>,1544
<1>,1545
<1>,1546
<1>,1547
<1>,1548
<1>,1549
<1>,1550
<1>,1551
<1>,1552
<1>,1553
<1>,1554
<1>,1555
<1>,1556
<1>,1557
<1>,1558
<1>,1559
<1>,1560
<1>,1561
<1>,1562
<1>,1563
<1>,1564
<1>,1565
<1>,1566
<1>,1567
<1>,1568
<1>,1569
<1>,1570
<1>,1571
<1>,1572
<1>,1573
<1>,1574
<1>,1575
<1>,1576
<1>,1577
<1>,1578
<1>,1579
<1>,1580
<1>,1581
<1>,1582
<1>,1583
<1>,1584
<1>,1585
<1>,1586
<1>,1587
<1>,1588
<1>,1589
<1>,1590
<1>,1591
<1>,1592
<1>,1593
<1>,1594
<1>,1595
<1>,1596
<1>,1597
<1>,1598
<1>,1599
<1>,1600
<1>,1601
<1>,1602
<1>,1603
<1>,1604
<1>,1605
<1>,1606
<1>,1607
<1>,1608
<1>,1609
<1>,1610
<1>,1611
<1>,1612
<1>,1613
<1>,1614
<1>,1615
<1>,1616
<1>,1617
<1>,1618
<1>,1619
<1>,1620
<1>,1621
<1>,1622
<1>,1623
<1>,1624
<1>,1625
<1>,1626
<1>,1627
<1>,1628
<1>,1629
<1>,1630
<1>,1631
<1>,1632
<1>,1633
<1>,1634
<1>,1635
<1>,1636
<1>,1637
<1>,1638
<1>,1639
<1>,1640
<1>,1641
<1>,1642
<1>,1643
<1>,1644
<1>,1645
<1>,1646
<1>,1647
<1>,1648
<1>,1649
<1>,1650
<1>,1651
<1>,1652
<1>,1653
<1>,1654
<1>,1655
<1>,1656
<1>,1657
<1>,1658
<1>,1659
<1>,1660
<1>,1661
<1>,1662
<1>,1663
<1>,1664
<1>,1665
<1>,1666
<1>,1667
<1>,1668
<1>,1669
<1>,1670
<1>,1671
<1>,1672
<1>,1673
<1>,1674
<1>,1675
<1>,1676
<1>,1677
<1>,1678
<1>,1679
<1>,1680
<1>,1681
<1>,1682
<1>,1683
<1>,1684
<1>,1685
<1>,1686
<1>,1687
<1>,1688
<1>,1689
<1>,1690
<1>,1691
<1>,1692
<1>,1693
<1>,1694
<1>,1695
<1>,1696
<1>,1697
<1>,1698
<1>,1699
<1>,1700
<1>,1701
<1>,1702
<1>,1703
<1>,1704
<1>,1705
<1>,1706
<1>,1707
<1>,1708
<1>,1709
<1>,1710
<1>,1711
<1>,1712
<1>,1713
<1>,1714
<1>,1715
<1>,1716
<1>,1717
<1>,1718
<1>,1719
<1>,1720
<1>,1721
<1>,1722
<1>,1723
<1>,1724
<1>,1725
<1>,1726
<1>,1727
<1>,1728
<1>,1729
<1>,1730
<1>,1731
<1>,1732
<1>,1733
<1>,1734
<1>,1735
<1>,1736
<1>,1737
<1>,1738
<1>,1739
<1>,1740
<1>,1741
<1>,1742
<1>,1743
<1>,1744
<1>,1745
<1>,1746
<1>,1747
<1>,1748
<1>,1749
<1>,1750
<1>,1751
<1>,1752
<1>,1753
<1>,1754
<1>,1755
<1>,1756
<1>,1757
<1>,1758
<1>,1759
<1>,1760
<1>,1761
<1>,1762
<1>,1763
<1>,1764
<1>,1765
<1>,1766
<1>,1767
<1>,1768
<1>,1769
<1>,1770
<1>,1771
<1>,1772
<1>,1773
<1>,1774
<1>,1775
<1>,1776
<1>,1777
<1>,1778
<1>,1779
<1>,1780
<1>,1781
<1>,1782
<1>,1783
<1>,1784
<1>,1785
<1>,1786
<1>,1787
<1>,1788
<1>,1789
<1>,1790
<1>,1791
<1>,1792
<1>,1793
<1>,1794
<1>,1795
<1>,1796
<1>,1797
<1>,1798
<1>,1799
<1>,1800
<1>,1801
<1>,1802
<1>,1803
<1>,1804
<1>,1805
<1>,1806
<1>,1807
<1>,1808
<1>,1809
<1>,1810
<1>,1811
<1>,1812
<1>,1813
<1>,1814
<1>,1815
<1>,1816
<1>,1817
<1>,1818
<1>,1819
<1>,1820
<1>,1821
<1>,1822
<1>,1823
<1>,1824
<1>,1825
<1>,1826
<1>,1827
<1>,1828
<1>,1829
<1>,1830
<1>,1831
<1>,1832
<1>,1833
<1>,1834
<1>,1835
<1>,1836
<1>,1837
<1>,1838
<1>,1839
<1>,1840
<1>,1841
<1>,1842
<1>,1843
<1>,1844
<1>,1845
<1>,1846
<1>,1847
<1>,1848
<1>,1849
<1>,1850
<1>,1851
<1>,1852
<1>,1853
<1>,1854
<1>,1855
<1>,1856
<1>,1857
<1>,1858
<1>,1859
<1>,1860
<1>,1861
<1>,1862
<1>,1863
<1>,1864
<1>,1865
<1>,1866
<1>,1867
<1>,1868
<1>,1869
<1>,1870
<1>,1871
<1>,1872
<1>,1873
<1>,1874
<1>,1875
<1>,1876
<1>,1877
<1>,1878
<1>,1879
<1>,1880
<1>,1881
<1>,1882
<1>,1883
<1>,1884
<1>,1885
<1>,1886
<1>,1887
<1>,1888
<1>,1889
<1>,1890
<1>,1891
<1>,1892
<1>,1893
<1>,1894
<1>,1895
<1>,1896
<1>,1897
<1>,1898
<1>,1899
<1>,1900
<1>,1901
<1>,1902
<1>,1903
<1>,1904
<1>,1905
<1>,1906
<1>,1907
<1>,1908
<1>,1909
<1>,1910
<1>,1911
<1>,1912
<1>,1913
<1>,1914
<1>,1915
<1>,1916
<1>,1917
<1>,1918
<1>,1919
<1>,1920
<1>,1921
<1>,1922
<1>,1923
<1>,1924
<1>,1925
<1>,1926
<1>,1927
<1>,1928
<1>,1929
<1>,1930
<1>,1931
<1>,1932
<1>,1933
<1>,1934
<1>,1935
<1>,1936
<1>,1937
<1>,1938
<1>,1939
<1>,1940
<1>,1941
<1>,1942
<1>,1943
<1>,1944
<1>,1945
<1>,1946
<1>,1947
<1>,1948
<1>,1949
<1>,1950
<1>,1951
<1>,1952
<1>,1953
<1>,1954
<1>,1955
<1>,1956
<1>,1957
<1>,1958
<1>,1959
<1>,1960
<1>,1961
<1>,1962
<1>,1963
<1>,1964
<1>,1965
<1>,1966
<1>,1967
<1>,1968
<1>,1969
<1>,1970
<1>,1971
<1>,1972
<1>,1973
<1>,1974
<1>,1975
<1>,1976
<1>,1977
<1>,1978
<1>,1979
<1>,1980
<1>,1981
<1>,1982
<1>,1983
<1>,1984
<1>,1985
<1>,1986
<1>,1987
<1>,1988
<1>,1989
<1>,1990
<1>,1991
<1>,1992
<1>,1993
<1>,1994
<1>,1995
<1>,1996
<1>,1997
<1>,1998
<1>,1999
<1>,2000
<1>,2001
<1>,2002
<1>,2003
<1>,2004
<1>,2005
<1>,2006
<1>,2007
<1>,2008
<1>,2009
<1>,2010
<1>,2011
<1>,2012
<1>,2013
<1>,2014
<1>,2015
<1>,2016
<1>,2017
<1>,2018
<1>,2019
<1>,2020
<1>,2021
<1>,2022
<1>,2023
<1>,2024
<1>,2025
<1>,2026
<1>,2027
<1>,2028
<1>,2029
<1>,2030
<1>,2031
<1>,2032
<1>,2033
<1>,2034
<1>,2035
<1>,2036
<1>,2037
<1>,2038
<1>,2039
<1>,2040
<1>,2041
<1>,2042
<1>,2043
<1>,2044
<1>,2045
<1>,2046
<1>,2047
<1>,2048
<1>,2049
<1>,2050
<1>,2051
<1>,2052
<1>,2053
<1>,2054
<1>,2055
<1>,2056
<1>,2057
<1>,2058
<1>,2059
<1>,2060
<1>,2061
<1>,2062
<1>,2063
<1>,2064
<1>,2065
<1>,2066
<1>,2067
<1>,2068
<1>,2069
<1>,2070
<1>,2071
<1>,2072
<1>,2073
<1>,2074
<1>,2075
<1>,2076
<1>,2077
<1>,2078
<1>,2079
<1>,2080
<1>,2081
<1>,2082
<1>,2083
<1>,2084
<1>,2085
<1>,2086
<1>,2087
<1>,2088
<1>,2089
<1>,2090
<1>,2091
<1>,2092
<1>,2093
<1>,2094
<1>,2095
<1>,2096
<1>,2097
<1>,2098
<1>,2099
<1>,2100
<1>,2101
<1>,2102
<1>,2103
<1>,2104
<1>,2105
<1>,2106
<1>,2107
<1>,2108
<1>,2109
<1>,2110
<1>,2111
<1>,2112
<1>,2113
<1>,2114
<1>,2115
<1>,2116
<1>,2117
<1>,2118
<1>,2119
<1>,2120
<1>,2121
<1>,2122
<1>,2123
<1>,2124
<1>,2125
<1>,2126
<1>,2127
<1>,2128
<1>,2129
<1>,2130
<1>,2131
<1>,2132
<1>,2133
<1>,2134
<1>,2135
<1>,2136
<1>,2137
<1>,2138
<1>,2139
<1>,2140
<1>,2141
<1>,2142
<1>,2143
<1>,2144
<1>,2145
<1>,2146
<1>,2147
<1>,2148
<1>,2149
<1>,2150
<1>,2151
<1>,2152
<1>,2153
<1>,2154
<1>,2155
<1>,2156
<1>,2157
<1>,2158
<1>,2159
<1>,2160
<1>,2161
<1>,2162
<1>,2163
<1>,2164
<1>,2165
<1>,2166
<1>,2167
<1>,2168
<1>,2169
<1>,2170
<1>,2171
<1>,2172
<1>,2173
<1>,2174
<1>,2175
<1>,2176
<1>,2177
<1>,2178
<1>,2179
<1>,2180
<1>,2181
<1>,2182
<1>,2183
<1>,2184
<1>,2185
<1>,2186
<1>,2187
<1>,2188
<1>,2189
<1>,2190
<1>,2191
<1>,2192
<1>,2193
<1>,2194
<1>,2195
<1>,2196
<1>,2197
<1>,2198
<1>,2199
<1>,2200
<1>,2201
<1>,2202
<1>,2203
<1>,2204
<1>,2205
<1>,2206
<1>,2207
<1>,2208
<1>,2209
<1>,2210
<1>,2211
<1>,2212
<1>,2213
<1>,2214
<1>,2215
<1>,2216
<1>,2217
<1>,2218
<1>,2219
<1>,2220
<1>,2221
<1>,2222
<1>,2223
<1>,2224
<1>,2225
<1>,2226
<1>,2227
<1>,2228
<1>,2229
<1>,2230
<1>,2231
<1>,2232
<1>,2233
<1>,2234
<1>,2235
<1>,2236
<1>,2237
<1>,2238
<1>,2239
<1>,2240
<1>,2241
<1>,2242
<1>,2243
<1>,2244
<1>,2245
<1>,2246
<1>,2247
<1>,2248
<1>,2249
<1>,2250
<1>,2251
<1>,2252
<1>,2253
<1>,2254
<1>,2255
<1>,2256
<1>,2257
<1>,2258
<1>,2259
<1>,2260
<1>,2261
<1>,2262
<1>,2263
<1>,2264
<1>,2265
<1>,2266
<1>,2267
<1>,2268
<1>,2269
<1>,2270
<1>,2271
<1>,2272
<1>,2273
<1>,2274
<1>,2275
<1>,2276
<1>,2277
<1>,2278
<1>,2279
<1>,2280
<1>,2281
<1>,2282
<1>,2283
<1>,2284
<1>,2285
<1>,2286
<1>,2287
<1>,2288
<1>,2289
<1>,2290
<1>,2291
<1>,2292
<1>,2293
<1>,2294
<1>,2295
<1>,2296
<1>,2297
<1>,2298
<1>,2299
<1>,2300
<1>,2301
<1>,2302
<1>,2303
<1>,2304
<1>,2305
<1>,2306
<1>,2307
<1>,2308
<1>,2309
<1>,2310
<1>,2311
<1>,2312
<1>,2313
<1>,2314
<1>,2315
<1>,2316
<1>,2317
<1>,2318
<1>,2319
<1>,2320
<1>,2321
<1>,2322
<1>,2323
<1>,2324
<1>,2325
<1>,2326
<1>,2327
<1>,2328
<1>,2329
<1>,2330
<1>,2331
<1>,2332
<1>,2333
<1>,2334
<1>,2335
<1>,2336
<1>,2337
<1>,2338
<1>,2339
<1>,2340
<1>,2341
<1>,2342
<1>,2343
<1>,2344
<1>,2345
<1>,2346
<1>,2347
<1>,2348
<1>,2349
<1>,2350
<1>,2351
<1>,2352
<1>,2353
<1>,2354
<1>,2355
<1>,2356
<1>,2357
<1>,2358
<1>,2359
<1>,2360
<1>,2361
<1>,2362
<1>,2363
<1>,2364
<1>,2365
<1>,2366
<1>,2367
<1>,2368
<1>,2369
<1>,2370
<1>,2371
<1>,2372
<1>,2373
<1>,2374
<1>,2375
<1>,2376
<1>,2377
<1>,2378
<1>,2379
<1>,2380
<1>,2381
<1>,2382
<1>,2383
<1>,2384
<1>,2385
<1>,2386
<1>,2387
<1>,2388
<1>,2389
<1>,2390
<1>,2391
<1>,2392
<1>,2393
<1>,2394
<1>,2395
<1>,2396
<1>,2397
<1>,2398
<1>,2399
<1>,2400
<1>,2401
<1>,2402
<1>,2403
<1>,2404
<1>,2405
<1>,2406
<1>,2407
<1>,2408
<1>,2409
<1>,2410
<1>,2411
<1>,2412
<1>,2413
<1>,2414
<1>,2415
<1>,2416
<1>,2417
<1>,2418
<1>,2419
<1>,2420
<1>,2421
<1>,2422
<1>,2423
<1>,2424
<1>,2425
<1>,2426
<1>,2427
<1>,2428
<1>,2429
<1>,2430
<1>,2431
<1>,2432
<1>,2433
<1>,2434
<1>,2435
<1>,2436
<1>,2437
<1>,2438
<1>,2439
<1>,2440
<1>,2441
<1>,2442
<1>,2443
<1>,2444
<1>,2445
<1>,2446
<1>,2447
<1>,2448
<1>,2449
<1>,2450
<1>,2451
<1>,2452
<1>,2453
<1>,2454
<1>,2455
<1>,2456
<1>,2457
<1>,2458
<1>,2459
<1>,2460
<1>,2461
<1>,2462
<1>,2463
<1>,2464
<1>,2465
<1>,2466
<1>,2467
<1>,2468
<1>,2469
<1>,2470
<1>,2471
<1>,2472
<1>,2473
<1>,2474
<1>,2475
<1>,2476
<1>,2477
<1>,2478
<1>,2479
<1>,2480
<1>,2481
<1>,2482
<1>,2483
<1>,2484
<1>,2485
<1>,2486
<1>,2487
<1>,2488
<1>,2489
<1>,2490
<1>,2491
<1>,2492
<1>,2493
<1>,2494
<1>,2495
<1>,2496
<1>,2497
<1>,2498
<1>,2499
<1>,2500
<1>,2501
<1>,2502
<1>,2503
<1>,2504
<1>,2505
<1>,2506
<1>,2507
<1>,2508
<1>,2509
<1>,2510
<1>,2511
<1>,2512
<1>,2513
<1>,2514
<1>,2515
<1>,2516
<1>,2517
<1>,2518
<1>,2519
<1>,2520
<1>,2521
<1>,2522
<1>,2523
<1>,2524
<1>,2525
<1>,2526
<1>,2527
<1>,2528
<1>,2529
<1>,2530
<1>,2531
<1>,2532
<1>,2533
<1>,2534
<1>,2535
<1>,2536
<1>,2537
<1>,2538
<1>,2539
<1>,2540
<1>,2541
<1>,2542
<1>,2543
<1>,2544
<1>,2545
<1>,2546
<1>,2547
<1>,2548
<1>,2549
<1>,2550
<1>,2551
<1>,2552
<1>,2553
<1>,2554
<1>,2555
<1>,2556
<1>,2557
<1>,2558
<1>,2559
<1>,2560
<1>,2561
<1>,2562
<1>,2563
<1>,2564
<1>,2565
<1>,2566
<1>,2567
<1>,2568
<1>,2569
<1>,2570
<1>,2571
<1>,2572
<1>,2573
<1>,2574
<1>,2575
<1>,2576
<1>,2577
<1>,2578
<1>,2579
<1>,2580
<1>,2581
<1>,2582
<1>,2583
<1>,2584
<1>,2585
<1>,2586
<1>,2587
<1>,2588
<1>,2589
<1>,2590
<1>,2591
<1>,2592
<1>,2593
<1>,2594
<1>,2595
<1>,2596
<1>,2597
<1>,2598
<1>,2599
<1>,2600
<1>,2601
<1>,2602
<1>,2603
<1>,2604
<1>,2605
<1>,2606
<1>,2607
<1>,2608
<1>,2609
<1>,2610
<1>,2611
<1>,2612
<1>,2613
<1>,2614
<1>,2615
<1>,2616
<1>,2617
<1>,2618
<1>,2619
<1>,2620
<1>,2621
<1>,2622
<1>,2623
<1>,2624
<1>,2625
<1>,2626
<1>,2627
<1>,2628
<1>,2629
<1>,2630
<1>,2631
<1>,2632
<1>,2633
<1>,2634
<1>,2635
<1>,2636
<1>,2637
<1>,2638
<1>,2639
<1>,2640
<1>,2641
<1>,2642
<1>,2643
<1>,2644
<1>,2645
<1>,2646
<1>,2647
<1>,2648
<1>,2649
<1>,2650
<1>,2651
<1>,2652
<1>,2653
<1>,2654
<1>,2655
<1>,2656
<1>,2657
<1>,2658
<1>,2659
<1>,2660
<1>,2661
<1>,2662
<1>,2663
<1>,2664
<1>,2665
<1>,2666
<1>,2667
<1>,2668
<1>,2669
<1>,2670
<1>,2671
<1>,2672
<1>,2673
<1>,2674
<1>,2675
<1>,2676
<1>,2677
<1>,2678
<1>,2679
<1>,2680
<1>,2681
<1>,2682
<1>,2683
<1>,2684
<1>,2685
<1>,2686
<1>,2687
<1>,2688
<1>,2689
<1>,2690
<1>,2691
<1>,2692
<1>,2693
<1>,2694
<1>,2695
<1>,2696
<1>,2697
<1>,2698
<1>,2699
<1>,2700
<1>,2701
<1>,2702
<1>,2703
<1>,2704
<1>,2705
<1>,2706
<1>,2707
<1>,2708
<1>,2709
<1>,2710
<1>,2711
<1>,2712
<1>,2713
<1>,2714
<1>,2715
<1>,2716
<1>,2717
<1>,2718
<1>,2719
<1>,2720
<1>,2721
<1>,2722
<1>,2723
<1>,2724
<1>,2725
<1>,2726
<1>,2727
<1>,2728
<1>,2729
<1>,2730
<1>,2731
<1>,2732
<1>,2733
<1>,2734
<1>,2735
<1>,2736
<1>,2737
<1>,2738
<1>,2739
<1>,2740
<1>,2741
<1>,2742
<1>,2743
<1>,2744
<1>,2745
<1>,2746
<1>,2747
<1>,2748
<1>,2749
<1>,2750
<1>,2751
<1>,2752
<1>,2753
<1>,2754
<1>,2755
<1>,2756
<1>,2757
<1>,2758
<1>,2759
<1>,2760
<1>,2761
<1>,2762
<1>,2763
<1>,2764
<1>,2765
<1>,2766
<1>,2767
<1>,2768
<1>,2769
<1>,2770
<1>,2771
<1>,2772
<1>,2773
<1>,2774
<1>,2775
<1>,2776
<1>,2777
<1>,2778
<1>,2779
<1>,2780
<1>,2781
<1>,2782
<1>,2783
<1>,2784
<1>,2785
<1>,2786
<1>,2787
<1>,2788
<1>,2789
<1>,2790
<1>,2791
<1>,2792
<1>,2793
<1>,2794
<1>,2795
<1>,2796
<1>,2797
<1>,2798
<1>,2799
<1>,2800
<1>,2801
<1>,2802
<1>,2803
<1>,2804
<1>,2805
<1>,2806
<1>,2807
<1>,2808
<1>,2809
<1>,2810
<1>,2811
<1>,2812
<1>,2813
<1>,2814
<1>,2815
<1>,2816
<1>,2817
<1>,2818
<1>,2819
<1>,2820
<1>,2821
<1>,2822
<1>,2823
<1>,2824
<1>,2825
<1>,2826
<1>,2827
<1>,2828
<1>,2829
<1>,2830
<1>,2831
<1>,2832
<1>,2833
<1>,2834
<1>,2835
<1>,2836
<1>,2837
<1>,2838
<1>,2839
<1>,2840
<1>,2841
<1>,2842
<1>,2843
<1>,2844
<1>,2845
<1>,2846
<1>,2847
<1>,2848
<1>,2849
<1>,2850
<1>,2851
<1>,2852
<1>,2853
<1>,2854
<1>,2855
<1>,2856
<1>,2857
<1>,2858
<1>,2859
<1>,2860
<1>,2861
<1>,2862
<1>,2863
<1>,2864
<1>,2865
<1>,2866
<1>,2867
<1>,2868
<1>,2869
<1>,2870
<1>,2871
<1>,2872
<1>,2873
<1>,2874
<1>,2875
<1>,2876
<1>,2877
<1>,2878
<1>,2879
<1>,2880
<1>,2881
<1>,2882
<1>,2883
<1>,2884
<1>,2885
<1>,2886
<1>,2887
<1>,2888
<1>,2889
<1>,2890
<1>,2891
<1>,2892
<1>,2893
<1>,2894
<1>,2895
<1>,2896
<1>,2897
<1>,2898
<1>,2899
<1>,2900
<1>,2901
<1>,2902
<1>,2903
<1>,2904
<1>,2905
<1>,2906
<1>,2907
<1>,2908
<1>,2909
<1>,2910
<1>,2911
<1>,2912
<1>,2913
<1>,2914
<1>,2915
<1>,2916
<1>,2917
<1>,2918
<1>,2919
<1>,2920
<1>,2921
<1>,2922
<1>,2923
<1>,2924
<1>,2925
<1>,2926
<1>,2927
<1>,2928
<1>,2929
<1>,2930
<1>,2931
<1>,2932
<1>,2933
<1>,2934
<1>,2935
<1>,2936
<1>,2937
<1>,2938
<1>,2939
<1>,2940
<1>,2941
<1>,2942
<1>,2943
<1>,2944
<1>,2945
<1>,2946
<1>,2947
<1>,2948
<1>,2949
<1>,2950
<1>,2951
<1>,2952
<1>,2953
<1>,2954
<1>,2955
<1>,2956
<1>,2957
<1>,2958
<1>,2959
<1>,2960
<1>,2961
<1>,2962
<1>,2963
<1>,2964
<1>,2965
<1>,2966
<1>,2967
<1>,2968
<1>,2969
<1>,2970
<1>,2971
<1>,2972
<1>,2973
<1>,2974
<1>,2975
<1>,2976
<1>,2977
<1>,2978
<1>,2979
<1>,2980
<1>,2981
<1>,2982
<1>,2983
<1>,2984
<1>,2985
<1>,2986
<1>,2987
<1>,2988
<1>,2989
<1>,2990
<1>,2991
<1>,2992
<1>,2993
<1>,2994
<1>,2995
<1>,2996
<1>,2997
<1>,2998
<1>,2999
<1>,3000
<1>,3001
<1>,3002
<1>,3003
<1>,3004
<1>,3005
<1>,3006
<1>,3007
<1>,3008
<1>,3009
<1>,3010
<1>,3011
<1>,3012
<1>,3013
<1>,3014
<1>,3015
<1>,3016
<1>,3017
<1>,3018
<1>,3019
<1>,3020
<1>,3021
<1>,3022
<1>,3023
<1>,3024
<1>,3025
<1>,3026
<1>,3027
<1>,3028
<1>,3029
<1>,3030
<1>,3031
<1>,3032
<1>,3033
<1>,3034
<1>,3035
<1>,3036
<1>,3037
<1>,3038
<1>,3039
<1>,3040
<1>,3041
<1>,3042
<1>,3043
<1>,3044
<1>,3045
<1>,3046
<1>,3047
<1>,3048
<1>,3049
<1>,3050
<1>,3051
<1>,3052
<1>,3053
<1>,3054
<1>,3055
<1>,3056
<1>,3057
<1>,3058
<1>,3059
<1>,3060
<1>,3061
<1>,3062
<1>,3063
<1>,3064
<1>,3065
<1>,3066
<1>,3067
<1>,3068
<1>,3069
<1>,3070
<1>,3071
<1>,3072
<1>,3073
<1>,3074
<1>,3075
<1>,3076
<1>,3077
<1>,3078
<1>,3079
<1>,3080
<1>,3081
<1>,3082
<1>,3083
<1>,3084
<1>,3085
<1>,3086
<1>,3087
<1>,3088
<1>,3089
<1>,3090
<1>,3091
<1>,3092
<1>,3093
<1>,3094
<1>,3095
<1>,3096
<1>,3097
<1>,3098
<1>,3099
<1>,3100
<1>,3101
<1>,3102
<1>,3103
<1>,3104
<1>,3105
<1>,3106
<1>,3107
<1>,3108
<1>,3109
<1>,3110
<1>,3111
<1>,3112
<1>,3113
<1>,3114
<1>,3115
<1>,3116
<1>,3117
<1>,3118
<1>,3119
<1>,3120
<1>,3121
<1>,3122
<1>,3123
<1>,3124
<1>,3125
<1>,3126
<1>,3127
<1>,3128
<1>,3129
<1>,3130
<1>,3131
<1>,3132
<1>,3133
<1>,3134
<1>,3135
<1>,3136
<1>,3137
<1>,3138
<1>,3139
<1>,3140
<1>,3141
<1>,3142
<1>,3143
<1>,3144
<1>,3145
<1>,3146
<1>,3147
<1>,3148
<1>,3149
<1>,3150
<1>,3151
<1>,3152
<1>,3153
<1>,3154
<1>,3155
<1>,3156
<1>,3157
<1>,3158
<1>,3159
<1>,3160
<1>,3161
<1>,3162
<1>,3163
<1>,3164
<1>,3165
<1>,3166
<1>,3167
<1>,3168
<1>,3169
<1>,3170
<1>,3171
<1>,3172
<1>,3173
<1>,3174
<1>,3175
<1>,3176
<1>,3177
<1>,3178
<1>,3179
<1>,3180
<1>,3181
<1>,3182
<1>,3183
<1>,3184
<1>,3185
<1>,3186
<1>,3187
<1>,3188
<1>,3189
<1>,3190
<1>,3191
<1>,3192
<1>,3193
<1>,3194
<1>,3195
<1>,3196
<1>,3197
<1>,3198
<1>,3199
<1>,3200
<1>,3201
<1>,3202
<1>,3203
<1>,3204
<1>,3205
<1>,3206
<1>,3207
<1>,3208
<1>,3209
<1>,3210
<1>,3211
<1>,3212
<1>,3213
<1>,3214
<1>,3215
<1>,3216
<1>,3217
<1>,3218
<1>,3219
<1>,3220
<1>,3221
<1>,3222
<1>,3223
<1>,3224
<1>,3225
<1>,3226
<1>,3227
<1>,3228
<1>,3229
<1>,3230
<1>,3231
<1>,3232
<1>,3233
<1>,3234
<1>,3235
<1>,3236
<1>,3237
<1>,3238
<1>,3239
<1>,3240
<1>,3241
<1>,3242
<1>,3243
<1>,3244
<1>,3245
<1>,3246
<1>,3247
<1>,3248
<1>,3249
<1>,3250
<1>,3251
<1>,3252
<1>,3253
<1>,3254
<1>,3255
<1>,3256
<1>,3257
<1>,3258
<1>,3259
<1>,3260
<1>,3261
<1>,3262
<1>,3263
<1>,3264
<1>,3265
<1>,3266
<1>,3267
<1>,3268
<1>,3269
<1>,3270
<1>,3271
<1>,3272
<1>,3273
<1>,3274
<1>,3275
<1>,3276
<1>,3277
<1>,3278
<1>,3279
<1>,3280
<1>,3281
<1>,3282
<1>,3283
<1>,3284
<1>,3285
<1>,3286
<1>,3287
<1>,3288
<1>,3289
<1>,3290
<1>,3291
<1>,3292
<1>,3293
<1>,3294
<1>,3295
<1>,3296
<1>,3297
<1>,3298
<1>,3299
<1>,3300
<1>,3301
<1>,3302
<1>,3303
<1>,3304
<1>,3305
<1>,3306
<1>,3307
<1>,3308
<1>,3309
<1>,3310
<1>,3311
<1>,3312
<1>,3313
<1>,3314
<1>,3315
<1>,3316
<1>,3317
<1>,3318
<1>,3319
<1>,3320
<1>,3321
<1>,3322
<1>,3323
<1>,3324
<1>,3325
<1>,3326
<1>,3327
<1>,3328
<1>,3329
<1>,3330
<1>,3331
<1>,3332
<1>,3333
<1>,3334
<1>,3335
<1>,3336
<1>,3337
<1>,3338
<1>,3339
<1>,3340
<1>,3341
<1>,3342
<1>,3343
<1>,3344
<1>,3345
<1>,3346
<1>,3347
<1>,3348
<1>,3349
<1>,3350
<1>,3351
<1>,3352
<1>,3353
<1>,3354
<1>,3355
<1>,3356
<1>,3357
<1>,3358
<1>,3359
<1>,3360
<1>,3361
<1>,3362
<1>,3363
<1>,3364
<1>,3365
<1>,3366
<1>,3367
<1>,3368
<1>,3369
<1>,3370
<1>,3371
<1>,3372
<1>,3373
<1>,3374
<1>,3375
<1>,3376
<1>,3377
<1>,3378
<1>,3379
<1>,3380
<1>,3381
<1>,3382
<1>,3383
<1>,3384
<1>,3385
<1>,3386
<1>,3387
<1>,3388
<1>,3389
<1>,3390
<1>,3391
<1>,3392
<1>,3393
<1>,3394
<1>,3395
<1>,3396
<1>,3397
<1>,3398
<1>,3399
<1>,3400
<1>,3401
<1>,3402
<1>,3403
<1>,3404
<1>,3405
<1>,3406
<1>,3407
<1>,3408
<1>,3409
<1>,3410
<1>,3411
<1>,3412
<1>,3413
<1>,3414
<1>,3415
<1>,3416
<1>,3417
<1>,3418
<1>,3419
<1>,3420
<1>,3421
<1>,3422
<1>,3423
<1>,3424
<1>,3425
<1>,3426
<1>,3427
<1>,3428
<1>,3429
<1>,3430
<1>,3431
<1>,3432
<1>,3433
<1>,3434
<1>,3435
<1>,3436
<1>,3437
<1>,3438
<1>,3439
<1>,3440
<1>,3441
<1>,3442
<1>,3443
<1>,3444
<1>,3445
<1>,3446
<1>,3447
<1>,3448
<1>,3449
<1>,3450
<1>,3451
<1>,3452
<1>,3453
<1>,3454
<1>,3455
<1>,3456
<1>,3457
<1>,3458
<1>,3459
<1>,3460
<1>,3461
<1>,3462
<1>,3463
<1>,3464
<1>,3465
<1>,3466
<1>,3467
<1>,3468
<1>,3469
<1>,3470
<1>,3471
<1>,3472
<1>,3473
<1>,3474
<1>,3475
<1>,3476
<1>,3477
<1>,3478
<1>,3479
<1>,3480
<1>,3481
<1>,3482
<1>,3483
<1>,3484
<1>,3485
<1>,3486
<1>,3487
<1>,3488
<1>,3489
<1>,3490
<1>,3491
<1>,3492
<1>,3493
<1>,3494
<1>,3495
<1>,3496
<1>,3497
<1>,3498
<1>,3499
<1>,3500
<1>,3501
<1>,3502
<1>,3503
<1>,3504
<1>,3505
<1>,3506
<1>,3507
<1>,3508
<1>,3509
<1>,3510
<1>,3511
<1>,3512
<1>,3513
<1>,3514
<1>,3515
<1>,3516
<1>,3517
<1>,3518
<1>,3519
<1>,3520
<1>,3521
<1>,3522
<1>,3523
<1>,3524
<1>,3525
<1>,3526
<1>,3527
<1>,3528
<1>,3529
<1>,3530
<1>,3531
<1>,3532
<1>,3533
<1>,3534
<1>,3535
<1>,3536
<1>,3537
<1>,3538
<1>,3539
<1>,3540
<1>,3541
<1>,3542
<1>,3543
<1>,3544
<1>,3545
<1>,3546
<1>,3547
<1>,3548
<1>,3549
<1>,3550
<1>,3551
<1>,3552
<1>,3553
<1>,3554
<1>,3555
<1>,3556
<1>,3557
<1>,3558
<1>,3559
<1>,3560
<1>,3561
<1>,3562
<1>,3563
<1>,3564
<1>,3565
<1>,3566
<1>,3567
<1>,3568
<1>,3569
<1>,3570
<1>,3571
<1>,3572
<1>,3573
<1>,3574
<1>,3575
<1>,3576
<1>,3577
<1>,3578
<1>,3579
<1>,3580
<1>,3581
<1>,3582
<1>,3583
<1>,3584
<1>,3585
<1>,3586
<1>,3587
<1>,3588
<1>,3589
<1>,3590
<1>,3591
<1>,3592
<1>,3593
<1>,3594
<1>,3595
<1>,3596
<1>,3597
<1>,3598
<1>,3599
<1>,3600
<1>,3601
<1>,3602
<1>,3603
<1>,3604
<1>,3605
<1>,3606
<1>,3607
<1>,3608
<1>,3609
<1>,3610
<1>,3611
<1>,3612
<1>,3613
<1>,3614
<1>,3615
<1>,3616
<1>,3617
<1>,3618
<1>,3619
<1>,3620
<1>,3621
<1>,3622
<1>,3623
<1>,3624
<1>,3625
<1>,3626
<1>,3627
<1>,3628
<1>,3629
<1>,3630
<1>,3631
<1>,3632
<1>,3633
<1>,3634
<1>,3635
<1>,3636
<1>,3637
<1>,3638
<1>,3639
<1>,3640
<1>,3641
<1>,3642
<1>,3643
<1>,3644
<1>,3645
<1>,3646
<1>,3647
<1>,3648
<1>,3649
<1>,3650
<1>,3651
<1>,3652
<1>,3653
<1>,3654
<1>,3655
<1>,3656
<1>,3657
<1>,3658
<1>,3659
<1>,3660
<1>,3661
<1>,3662
<1>,3663
<1>,3664
<1>,3665
<1>,3666
<1>,3667
<1>,3668
<1>,3669
<1>,3670
<1>,3671
<1>,3672
<1>,3673
<1>,3674
<1>,3675
<1>,3676
<1>,3677
<1>,3678
<1>,3679
<1>,3680
<1>,3681
<1>,3682
<1>,3683
<1>,3684
<1>,3685
<1>,3686
<1>,3687
<1>,3688
<1>,3689
<1>,3690
<2>,3691
<2>,3692
<2>,3693
<2>,3694
<2>,3695
<2>,3696
<2>,3697
<2>,3698
<2>,3699
<2>,3700
<2>,3701
<2>,3702
<2>,3703
<2>,3704
<2>,3705
<2>,3706
<2>,3707
<2>,3708
<2>,3709
<2>,3710
<2>,3711
<2>,3712
<2>,3713
<2>,3714
<2>,3715
<2>,3716
<2>,3717
<2>,3718
<2>,3719
<2>,3720
<2>,3721
<2>,3722
<2>,3723
<2>,3724
<2>,3725
<2>,3726
<2>,3727
<2>,3728
<2>,3729
<2>,3730
<2>,3731
<2>,3732
<2>,3733
<2>,3734
<2>,3735
<2>,3736
<2>,3737
<2>,3738
<2>,3739
<2>,3740
<2>,3741
<2>,3742
<2>,3743
<2>,3744
<2>,3745
<2>,3746
<2>,3747
<2>,3748
<2>,3749
<2>,3750
<2>,3751
<2>,3752
<2>,3753
<2>,3754
<2>,3755
<2>,3756
<2>,3757
<2>,3758
<2>,3759
<2>,3760
<2>,3761
<2>,3762
<2>,3763
<2>,3764
<2>,3765
<2>,3766
<2>,3767
<2>,3768
<2>,3769
<2>,3770
<2>,3771
<2>,3772
<2>,3773
<2>,3774
<2>,3775
<2>,3776
<2>,3777
<2>,3778
<2>,3779
<2>,3780
<2>,3781
<2>,3782
<2>,3783
<2>,3784
<2>,3785
<2>,3786
<2>,3787
<2>,3788
<2>,3789
<2>,3790
<2>,3791
<2>,3792
<2>,3793
<2>,3794
<2>,3795
<2>,3796
<2>,3797
<2>,3798
<2>,3799
<2>,3800
<2>,3801
<2>,3802
<2>,3803
<2>,3804
<2>,3805
<2>,3806
<2>,3807
<2>,3808
<2>,3809
<2>,3810
<2>,3811
<2>,3812
<2>,3813
<2>,3814
<2>,3815
<2>,3816
<2>,3817
<2>,3818
<2>,3819
<2>,3820
<2>,3821
<2>,3822
<2>,3823
<2>,3824
<2>,3825
<2>,3826
<2>,3827
<2>,3828
<2>,3829
<2>,3830
<2>,3831
<2>,3832
<2>,3833
<2>,3834
<2>,3835
<2>,3836
<2>,3837
<2>,3838
<2>,3839
<2>,3840
<2>,3841
<2>,3842
<2>,3843
<2>,3844
<2>,3845
<2>,3846
<2>,3847
<2>,3848
<2>,3849
<2>,3850
<2>,3851
<2>,3852
<2>,3853
<2>,3854
<2>,3855
<2>,3856
<2>,3857
<2>,3858
<2>,3859
<2>,3860
<2>,3861
<2>,3862
<2>,3863
<2>,3864
<2>,3865
<2>,3866
<2>,3867
<2>,3868
<2>,3869
<2>,3870
<2>,3871
<2>,3872
<2>,3873
<2>,3874
<2>,3875
<2>,3876
<2>,3877
<2>,3878
<2>,3879
<2>,3880
<2>,3881
<2>,3882
<2>,3883
<2>,3884
<2>,3885
<2>,3886
<2>,3887
<2>,3888
<2>,3889
<2>,3890
<2>,3891
<2>,3892
<2>,3893
<2>,3894
<2>,3895
<2>,3896
<2>,3897
<2>,3898
<2>,3899
<2>,3900
<2>,3901
<2>,3902
<2>,3903
<2>,3904
<2>,3905
<2>,3906
<2>,3907
<2>,3908
<2>,3909
<2>,3910
<2>,3911
<2>,3912
<2>,3913
<2>,3914
<2>,3915
<2>,3916
<2>,3917
<2>,3918
<2>,3919
<2>,3920
<2>,3921
<2>,3922
<2>,3923
<2>,3924
<2>,3925
<2>,3926
<2>,3927
<2>,3928
<2>,3929
<2>,3930
<2>,3931
<2>,3932
<2>,3933
<2>,3934
<2>,3935
<2>,3936
<2>,3937
<2>,3938
<2>,3939
<2>,3940
<2>,3941
<3>,3942
<3>,3943
<3>,3944
<3>,3945
<3>,3946
<3>,3947
<3>,3948
<3>,3949
<3>,3950
<3>,3951
<3>,3952
<3>,3953
<3>,3954
<3>,3955
<3>,3956
<3>,3957
<3>,3958
<3>,3959
<3>,3960
<4>,3961
<GENSYM:0>/vi,3962
<GENSYM:0>/vi,3963
<GENSYM:0>/vi,3964
<GENSYM:0>/vi,3965
<GENSYM:0>/vi,3966
<GENSYM:0>/vi,3967
<GENSYM:0>/vi,3968
<GENSYM:0>/vi,3969
<GENSYM:0>/vi,3970
<GENSYM:0>/vi,3971
<GENSYM:0>/vi,3972
<GENSYM:0>/vi,3973
<GENSYM:0>/vi,3974
<GENSYM:0>/vi,3975
<GENSYM:0>/vi,3976
<GENSYM:0>/vi,3977
<GENSYM:0>/vi,3978
<GENSYM:0>/vi,3979
<GENSYM:0>/vi,3980
<GENSYM:0>/vi,3981
<GENSYM:0>/vi,3982
<GENSYM:0>/vi,3983
<GENSYM:0>/vi,3984
<GENSYM:0>/vi,3985
<GENSYM:0>/vi,3986
<GENSYM:0>/vi,3987
<GENSYM:0>/vi,3988
<GENSYM:0>/winnow,3989
<GENSYM:1>,3990
<GENSYM:2>/terran_data,3991
<GENSYM:3>/talk,3992
<GENSYM:3>/talk,3993
<GENSYM:4>/terran_data,3994
<GENSYM:5>/pagecount,3995
<GENSYM:6>/ping,3996
<GENSYM:6>/ping,3997
<GENSYM:7>/test,3998
<GENSYM:7>/test,3999
>,4000
>,4001
>,4002
>,4003
>,4004
>,4005
>,4006
>,4007
>,4008
>,4009
>,4010
`,4011
`,4012
`,4013
`,4014
acroread,4015
acroread,4016
acroread,4017
alias,4018
alias,4019
alias,4020
alias,4021
alias,4022
alias,4023
alias,4024
alias,4025
alias,4026
alias,4027
alias,4028
alias,4029
alias,4030
alias,4031
alias,4032
alias,4033
alias,4034
alias,4035
alias,4036
alias,4037
alias,4038
alias,4039
alias,4040
at,4041
at,4042
back,4043
back,4044
back,4045
back,4046
back,4047
back,4048
back,4049
back,4050
back,4051
back,4052
back,4053
back,4054
back,4055
back,4056
back,4057
back,4058
cal,4059
cancel,4060
cancel,4061
cancel,4062
cancel,4063
cancel,4064
cancel,4065
cancel,4066
cancel,4067
cancel,4068
cancel,4069
cancel,4070
cancel,4071
cancel,4072
cancel,4073
cancel,4074
cancel,4075
cancel,4076
cancel,4077
cancel,4078
cancel,4079
cancel,4080
cancel,4081
cancel,4082
cancel,4083
cancel,4084
cancel,4085
cancel,4086
cancel,4087
cancel,4088
cancel,4089
cancel,4090
cancel,4091
cancel,4092
cancel,4093
cancel,4094
cat,4095
cat,4096
cat,4097
cat,4098
cat,4099
cat,4100
cat,4101
cat,4102
cat,4103
cat,4104
cat,4105
cat,4106
cat,4107
cat,4108
cat,4109
cat,4110
cat,4111
cat,4112
cat,4113
cat,4114
cat,4115
cat,4116
cat,4117
cat,4118
cat,4119
cd,4120
cd,4121
cd,4122
cd,4123
cd,4124
cd,4125
cd,4126
cd,4127
cd,4128
cd,4129
cd,4130
cd,4131
cd,4132
cd,4133
cd,4134
cd,4135
cd,4136
cd,4137
cd,4138
cd,4139
cd,4140
cd,4141
cd,4142
cd,4143
cd,4144
cd,4145
cd,4146
cd,4147
cd,4148
cd,4149
cd,4150
cd,4151
cd,4152
cd,4153
cd,4154
cd,4155
cd,4156
cd,4157
cd,4158
cd,4159
cd,4160
cd,4161
cd,4162
cd,4163
cd,4164
cd,4165
cd,4166
cd,4167
cd,4168
cd,4169
cd,4170
cd,4171
cd,4172
cd,4173
cd,4174
cd,4175
cd,4176
cd,4177
cd,4178
cd,4179
cd,4180
cd,4181
cd,4182
cd,4183
cd,4184
cd,4185
cd,4186
cd,4187
cd,4188
cd,4189
cd,4190
cd,4191
cd,4192
cd,4193
cd,4194
cd,4195
cd,4196
cd,4197
cd,4198
cd,4199
cd,4200
cd,4201
cd,4202
cd,4203
cd,4204
cd,4205
cd,4206
cd,4207
cd,4208
cd,4209
cd,4210
cd,4211
cd,4212
cd,4213
cd,4214
cd,4215
cd,4216
cd,4217
cd,4218
cd,4219
cd,4220
cd,4221
cd,4222
cd,4223
cd,4224
cd,4225
cd,4226
cd,4227
cd,4228
cd,4229
cd,4230
cd,4231
cd,4232
cd,4233
cd,4234
cd,4235
cd,4236
cd,4237
cd,4238
cd,4239
cd,4240
cd,4241
cd,4242
cd,4243
cd,4244
cd,4245
cd,4246
cd,4247
cd,4248
cd,4249
cd,4250
cd,4251
cd,4252
cd,4253
cd,4254
cd,4255
cd,4256
cd,4257
cd,4258
cd,4259
cd,4260
cd,4261
cd,4262
cd,4263
cd,4264
cd,4265
cd,4266
cd,4267
cd,4268
cd,4269
cd,4270
cd,4271
cd,4272
cd,4273
cd,4274
cd,4275
cd,4276
cd,4277
cd,4278
cd,4279
cd,4280
cd,4281
cd,4282
cd,4283
cd,4284
cd,4285
cd,4286
cd,4287
cd,4288
cd,4289
cd,4290
cd,4291
cd,4292
cd,4293
cd,4294
cd,4295
cd,4296
cd,4297
cd,4298
cd,4299
cd,4300
cd,4301
cd,4302
cd,4303
cd,4304
cd,4305
cd,4306
cd,4307
cd,4308
cd,4309
cd,4310
cd,4311
cd,4312
cd,4313
cd,4314
cd,4315
cd,4316
cd,4317
cd,4318
cd,4319
cd,4320
cd,4321
cd,4322
cd,4323
cd,4324
cd,4325
cd,4326
cd,4327
cd,4328
cd,4329
cd,4330
cd,4331
cd,4332
cd,4333
cd,4334
cd,4335
cd,4336
cd,4337
cd,4338
cd,4339
cd,4340
cd,4341
cd,4342
cd,4343
cd,4344
cd,4345
cd,4346
cd,4347
cd,4348
cd,4349
cd,4350
cd,4351
cd,4352
cd,4353
cd,4354
cd,4355
cd,4356
cd,4357
cd,4358
cd,4359
cd,4360
cd,4361
cd,4362
cd,4363
cd,4364
cd,4365
cd,4366
cd,4367
cd,4368
cd,4369
cd,4370
cd,4371
cd,4372
cd,4373
cd,4374
cd,4375
cd,4376
cd,4377
cd,4378
cd,4379
cd,4380
cd,4381
cd,4382
cd,4383
cd,4384
cd,4385
cd,4386
cd,4387
cd,4388
cd,4389
cd,4390
cd,4391
cd,4392
cd,4393
cd,4394
cd,4395
cd,4396
cd,4397
cd,4398
cd,4399
cd,4400
cd,4401
cd,4402
cd,4403
cd,4404
cd,4405
cd,4406
cd,4407
cd,4408
cd,4409
cd,4410
cd,4411
cd,4412
cd,4413
cd,4414
cd,4415
cd,4416
cd,4417
cd,4418
cd,4419
cd,4420
cd,4421
cd,4422
cd,4423
cd,4424
cd,4425
cd,4426
cd,4427
cd,4428
cd,4429
cd,4430
cd,4431
cd,4432
cd,4433
cd,4434
cd,4435
cd,4436
cd,4437
cd,4438
cd,4439
cd,4440
cd,4441
cd,4442
cd,4443
cd,4444
cd,4445
cd,4446
cd,4447
cd,4448
cd,4449
cd,4450
cd,4451
cd,4452
cd,4453
cd,4454
cd,4455
cd,4456
cd,4457
cd,4458
cd,4459
cd,4460
cd,4461
cd,4462
cd,4463
cd,4464
cd,4465
cd,4466
cd,4467
cd,4468
cd,4469
cd,4470
cd,4471
cd,4472
cd,4473
cd,4474
cd,4475
cd,4476
cd,4477
cd,4478
cd,4479
cd,4480
cd,4481
cd,4482
cd,4483
cd,4484
cd,4485
cd,4486
cd,4487
cd,4488
cd,4489
cd,4490
cd,4491
cd,4492
cd,4493
cd,4494
cd,4495
cd,4496
cd,4497
cd,4498
cd,4499
cd,4500
cd,4501
cd,4502
cd,4503
cd,4504
cd,4505
cd,4506
cd,4507
cd,4508
cd,4509
cd,4510
cd,4511
cd,4512
cd,4513
cd,4514
cd,4515
cd,4516
cd,4517
cd,4518
cd,4519
cd,4520
cd,4521
cd,4522
cd,4523
cd,4524
cd,4525
cd,4526
cd,4527
cd,4528
cd,4529
cd,4530
cd,4531
cd,4532
cd,4533
cd,4534
cd,4535
cd,4536
cd,4537
cd,4538
cd,4539
cd,4540
cd,4541
cd,4542
cd,4543
cd,4544
cd,4545
cd,4546
cd,4547
cd,4548
cd,4549
cd,4550
cd,4551
cd,4552
cd,4553
cd,4554
cd,4555
cd,4556
cd,4557
cd,4558
cd,4559
cd,4560
cd,4561
cd,4562
cd,4563
cd,4564
cd,4565
cd,4566
cd,4567
cd,4568
cd,4569
cd,4570
cd,4571
cd,4572
cd,4573
cd,4574
cd,4575
cd,4576
cd,4577
cd,4578
cd,4579
cd,4580
cd,4581
cd,4582
cd,4583
cd,4584
cd,4585
cd,4586
cd,4587
cd,4588
cd,4589
cd,4590
cd,4591
cd,4592
cd,4593
cd,4594
cd,4595
cd,4596
cd,4597
cd,4598
cd,4599
cd,4600
cd,4601
cd,4602
cd,4603
cd,4604
cd,4605
cd,4606
cd,4607
cd,4608
cd,4609
cd,4610
cd,4611
cd,4612
cd,4613
cd,4614
cd,4615
cd,4616
cd,4617
cd,4618
cd,4619
cd,4620
cd,4621
cd,4622
cd,4623
cd,4624
cd,4625
cd,4626
cdls,4627
chfg,4628
chfn,4629
chgrp,4630
chgrp,4631
chgrp,4632
chgrp,4633
chgrp,4634
chgrp,4635
chmod,4636
chmod,4637
chmod,4638
chmod,4639
chmod,4640
chmod,4641
chmod,4642
chmod,4643
chmod,4644
chmod,4645
chmod,4646
chmod,4647
chmod,4648
chmod,4649
chown,4650
chown,4651
chown,4652
chown,4653
chown,4654
chown,4655
chown,4656
chown,4657
chown,4658
chown,4659
cls,4660
cls,4661
cls,4662
cls,4663
cls,4664
cls,4665
cls,4666
cls,4667
cls,4668
cls,4669
cls,4670
cls,4671
cls,4672
cls,4673
cls,4674
cls,4675
cls,4676
cls,4677
cls,4678
cls,4679
cls,4680
cls,4681
cls,4682
cp,4683
cp,4684
cp,4685
cp,4686
cp,4687
cp,4688
cp,4689
cp,4690
cp,4691
cp,4692
cp,4693
cp,4694
cp,4695
cp,4696
cp,4697
cp,4698
cp,4699
cp,4700
cp,4701
cp,4702
cp,4703
cp,4704
cp,4705
cp,4706
cp,4707
cp,4708
cp,4709
cp,4710
cp,4711
cp,4712
cp,4713
cp,4714
cp,4715
cp,4716
cp,4717
cp,4718
cp,4719
cp,4720
cp,4721
cp,4722
cp,4723
cp,4724
cp,4725
cp,4726
cp,4727
cp,4728
cp,4729
cp,4730
cp,4731
cp,4732
cp,4733
date,4734
date,4735
date,4736
date,4737
date,4738
date,4739
date,4740
date,4741
date,4742
date,4743
date,4744
date,4745
date,4746
date,4747
date,4748
date,4749
date,4750
date,4751
date,4752
date,4753
date,4754
date,4755
date,4756
date,4757
date,4758
date,4759
date,4760
date,4761
date,4762
date,4763
date,4764
date,4765
date,4766
date,4767
date,4768
date,4769
date,4770
date,4771
date,4772
date,4773
date,4774
date,4775
date,4776
date,4777
diff,4778
diff,4779
diff,4780
diff,4781
diff,4782
dir,4783
dodo,4784
dodo,4785
elm,4786
elm,4787
elm,4788
elm,4789
elm,4790
elm,4791
elm,4792
elm,4793
elm,4794
elm,4795
elm,4796
elm,4797
elm,4798
elm,4799
elm,4800
elm,4801
elm,4802
elm,4803
elm,4804
elm,4805
elm,4806
elm,4807
elm,4808
elm,4809
elm,4810
elm,4811
elm,4812
elm,4813
elm,4814
elm,4815
elm,4816
elm,4817
elm,4818
elm,4819
elm,4820
elm,4821
elm,4822
elm,4823
elm,4824
elm,4825
elm,4826
elm,4827
elm,4828
elm,4829
elm,4830
elm,4831
elm,4832
elm,4833
elm,4834
elm,4835
elm,4836
elm,4837
elm,4838
elm,4839
elm,4840
elm,4841
elm,4842
elm,4843
elm,4844
elm,4845
elm,4846
elm,4847
elm,4848
elm,4849
elm,4850
elm,4851
elm,4852
elm,4853
elm,4854
elm,4855
elm,4856
elm,4857
elm,4858
elm,4859
elm,4860
elm,4861
elm,4862
elm,4863
elm,4864
elm,4865
elm,4866
elm,4867
elm,4868
elm,4869
elm,4870
elm,4871
elm,4872
elm,4873
elm,4874
elm,4875
elm,4876
elm,4877
elm,4878
elm,4879
elm,4880
elm,4881
elm,4882
elm,4883
elm,4884
elm,4885
elm,4886
elm,4887
elm,4888
elm,4889
elm,4890
elm,4891
elm,4892
elm,4893
elm,4894
elm,4895
elm,4896
elm,4897
elm,4898
elm,4899
elm,4900
elm,4901
elm,4902
elm,4903
elm,4904
elm,4905
elm,4906
elm,4907
elm,4908
elm,4909
elm,4910
elm,4911
elm,4912
elm,4913
elm,4914
elm,4915
elm,4916
elm,4917
elm,4918
elm,4919
elm,4920
elm,4921
elm,4922
elm,4923
elm,4924
elm,4925
elm,4926
elm,4927
elm,4928
elm,4929
elm,4930
elm,4931
elm,4932
elm,4933
elm,4934
elm,4935
elm,4936
elm,4937
elm,4938
elm,4939
elm,4940
elm,4941
elm,4942
elm,4943
elm,4944
elm,4945
elm,4946
elm,4947
elm,4948
elm,4949
elm,4950
elm,4951
elm,4952
elm,4953
elm,4954
elm,4955
elm,4956
elm,4957
elm,4958
elm,4959
elm,4960
elm,4961
elm,4962
elm,4963
elm,4964
elm,4965
elm,4966
elm,4967
elm,4968
elm,4969
elm,4970
elm,4971
elm,4972
elm,4973
elm,4974
elm,4975
elm,4976
elm,4977
elm,4978
elm,4979
elm,4980
elm,4981
elm,4982
elm,4983
elm,4984
elm,4985
elm,4986
elm,4987
elm,4988
elm,4989
elm,4990
elm,4991
elm,4992
elm,4993
elm,4994
elm,4995
elm,4996
elm,4997
elm,4998
elm,4999
elm,5000
elm,5001
elm,5002
elm,5003
elm,5004
elm,5005
elm,5006
elm,5007
elm,5008
elm,5009
elm,5010
elm,5011
elm,5012
elm,5013
elm,5014
elm,5015
elm,5016
elm,5017
elm,5018
elm,5019
elm,5020
elm,5021
elm,5022
elm,5023
elm,5024
elm,5025
elm,5026
elm,5027
elm,5028
elm,5029
elm,5030
elm,5031
elm,5032
elm,5033
elm,5034
elm,5035
elm,5036
elm,5037
elm,5038
elm,5039
elm,5040
elm,5041
elm,5042
elm,5043
elm,5044
elm,5045
elm,5046
elm,5047
elm,5048
elm,5049
elm,5050
elm,5051
elm,5052
elm,5053
elm,5054
elm,5055
elm,5056
elm,5057
elm,5058
elm,5059
elm,5060
elm,5061
elm,5062
elm,5063
elm,5064
elm,5065
elm,5066
elm,5067
elm,5068
elm,5069
elm,5070
elm,5071
elm,5072
elm,5073
elm,5074
elm,5075
elm,5076
elm,5077
elm,5078
elm,5079
elm,5080
elm,5081
elm,5082
elm,5083
elm,5084
elm,5085
elm,5086
elm,5087
elm,5088
elm,5089
elm,5090
elm,5091
elm,5092
elm,5093
elm,5094
elm,5095
elm,5096
elm,5097
elm,5098
elm,5099
elm,5100
elm,5101
elm,5102
elm,5103
elm,5104
elm,5105
elm,5106
elm,5107
elm,5108
elm,5109
elm,5110
elm,5111
elm,5112
elm,5113
elm,5114
elm,5115
elm,5116
elm,5117
elm,5118
elm,5119
elm,5120
elm,5121
elm,5122
elm,5123
elm,5124
elm,5125
elm,5126
elm,5127
elm,5128
elm,5129
elm,5130
elm,5131
elm,5132
elm,5133
elm,5134
elm,5135
elm,5136
elm,5137
elm,5138
elm,5139
elm,5140
elm,5141
elm,5142
elm,5143
elm,5144
elm,5145
elm,5146
elm,5147
elm,5148
elm,5149
elm,5150
elm,5151
elm,5152
elm,5153
elm,5154
elm,5155
elm,5156
elm,5157
elm,5158
elm,5159
elm,5160
elm,5161
elm,5162
elm,5163
elm,5164
elm,5165
elm,5166
elm,5167
elm,5168
elm,5169
elm,5170
elm,5171
elm,5172
elm,5173
elm,5174
elm,5175
elm,5176
elm,5177
elm,5178
elm,5179
elm,5180
elm,5181
elm,5182
elm,5183
elm,5184
elm,5185
elm,5186
elm,5187
elm,5188
elm,5189
elm,5190
elm,5191
elm,5192
elm,5193
elm,5194
elm,5195
elm,5196
elm,5197
elm,5198
elm,5199
elm,5200
elm,5201
elm,5202
elm,5203
elm,5204
elm,5205
elm,5206
elm,5207
elm,5208
elm,5209
elm,5210
elm,5211
elm,5212
elm,5213
elm,5214
elm,5215
elm,5216
elm,5217
elm,5218
elm,5219
elm,5220
elm,5221
elm,5222
elm,5223
elm,5224
elm,5225
elm,5226
elm,5227
elm,5228
elm,5229
elm,5230
elm,5231
elm,5232
elm,5233
elm,5234
elm,5235
emacs,5236
emacs,5237
emacs,5238
enscript,5239
enscript,5240
enscript,5241
enscript,5242
enscript,5243
enscript,5244
enscript,5245
enscript,5246
enscript_msl21,5247
enscript_msl21,5248
env,5249
exit,5250
exit,5251
exit,5252
exit,5253
exit,5254
exit,5255
exit,5256
exit,5257
exit,5258
exit,5259
exit,5260
exit,5261
exit,5262
exit,5263
exit,5264
exit,5265
exit,5266
exit,5267
exit,5268
exit,5269
exit,5270
exit,5271
exit,5272
exit,5273
exit,5274
exit,5275
exit,5276
exit,5277
exit,5278
exit,5279
exit,5280
exit,5281
exit,5282
exit,5283
exit,5284
exit,5285
exit,5286
exit,5287
exit,5288
exit,5289
exit,5290
exit,5291
exit,5292
exit,5293
exit,5294
exit,5295
exit,5296
exit,5297
exit,5298
exit,5299
exit,5300
exit,5301
exit,5302
exit,5303
exit,5304
exit,5305
exit,5306
exit,5307
exit,5308
exit,5309
exit,5310
exit,5311
exit,5312
exit,5313
exit,5314
exit,5315
exit,5316
exit,5317
exit,5318
exit,5319
exit,5320
exit,5321
exit,5322
exit,5323
exit,5324
exit,5325
exit,5326
exit,5327
exit,5328
exit,5329
exit,5330
exit,5331
exit,5332
exit,5333
exit,5334
exit,5335
exit,5336
exit,5337
exit,5338
exit,5339
exit,5340
exit,5341
exit,5342
exit,5343
exit,5344
exit,5345
exit,5346
exit,5347
exit,5348
exit,5349
exit,5350
exit,5351
exit,5352
exit,5353
exit,5354
exit,5355
exit,5356
exit,5357
exit,5358
exit,5359
exit,5360
exit,5361
exit,5362
exit,5363
exit,5364
exit,5365
exit,5366
exit,5367
exit,5368
exit,5369
exit,5370
exit,5371
exit,5372
exit,5373
exit,5374
exit,5375
exit,5376
exit,5377
exit,5378
exit,5379
exit,5380
exit,5381
exit,5382
exit,5383
exit,5384
exit,5385
exit,5386
exit,5387
exit,5388
exit,5389
exit,5390
exit,5391
exit,5392
exit,5393
exit,5394
exit,5395
exit,5396
exit,5397
exit,5398
exit,5399
exit,5400
exit,5401
exit,5402
exit,5403
exit,5404
exit,5405
exit,5406
exit,5407
exit,5408
exit,5409
exit,5410
exit,5411
exit,5412
exit,5413
exit,5414
exit,5415
exit,5416
exit,5417
exit,5418
exit,5419
exit,5420
exit,5421
exit,5422
exit,5423
exit,5424
exit,5425
exit,5426
exit,5427
exit,5428
exit,5429
exit,5430
exit,5431
exit,5432
exit,5433
exit,5434
exit,5435
exit,5436
exit,5437
exit,5438
exit,5439
exit,5440
exit,5441
exit,5442
exit,5443
exit,5444
exit,5445
exit,5446
exit,5447
exit,5448
exit,5449
exit,5450
exit,5451
exit,5452
exit,5453
exit,5454
exit,5455
exit,5456
exit,5457
exit,5458
exit,5459
exit,5460
exit,5461
exit,5462
exit,5463
exit,5464
exit,5465
exit,5466
exit,5467
exit,5468
exit,5469
exit,5470
exit,5471
exit,5472
exit,5473
exit,5474
exit,5475
exit,5476
exit,5477
exit,5478
exit,5479
exit,5480
exit,5481
exit,5482
exit,5483
exit,5484
exit,5485
exit,5486
exit,5487
exit,5488
exit,5489
exit,5490
exit,5491
exit,5492
exit,5493
exit,5494
exit,5495
exit,5496
exit,5497
exit,5498
exit,5499
exit,5500
exit,5501
exit,5502
exit,5503
exit,5504
exit,5505
exit,5506
exit,5507
exit,5508
exit,5509
exit,5510
exit,5511
exit,5512
exit,5513
exit,5514
exit,5515
exit,5516
exit,5517
exit,5518
exit,5519
exit,5520
exit,5521
exit,5522
exit,5523
exit,5524
exit,5525
exit,5526
exit,5527
exit,5528
exit,5529
exit,5530
exit,5531
exit,5532
exit,5533
exit,5534
exit,5535
exit,5536
exit,5537
exit,5538
exit,5539
exit,5540
exit,5541
exit,5542
exit,5543
exit,5544
exit,5545
exit,5546
exit,5547
exit,5548
exit,5549
exit,5550
exit,5551
exit,5552
exit,5553
exit,5554
exit,5555
exit,5556
exit,5557
exit,5558
exit,5559
exit,5560
exit,5561
exit,5562
exit,5563
exit,5564
exit,5565
exit,5566
exit,5567
exit,5568
exit,5569
exit,5570
exit,5571
exit,5572
exit,5573
exit,5574
exit,5575
exit,5576
exit,5577
exit,5578
exit,5579
exit,5580
exit,5581
exit,5582
exit,5583
exit,5584
exit,5585
exit,5586
exit,5587
exit,5588
exit,5589
exit,5590
exit,5591
exit,5592
exit,5593
exit,5594
exit,5595
exit,5596
exit,5597
exit,5598
exit,5599
exit,5600
exit,5601
exit,5602
exit,5603
exit,5604
exit,5605
exit,5606
exit,5607
exit,5608
exit,5609
exit,5610
exit,5611
exit,5612
exit,5613
exit,5614
exit,5615
exit,5616
exit,5617
exit,5618
exit,5619
exit,5620
exit,5621
exit,5622
exit,5623
exit,5624
exit,5625
exit,5626
exit,5627
exit,5628
exit,5629
exit,5630
exit,5631
exit,5632
exit,5633
exit,5634
exit,5635
exit,5636
exit,5637
exit,5638
exit,5639
exit,5640
exit,5641
exit,5642
exit,5643
exit,5644
exit,5645
exit,5646
exit,5647
exit,5648
exit,5649
exit,5650
exit,5651
exit,5652
exit,5653
exit,5654
exit,5655
exit,5656
exit,5657
exit,5658
exit,5659
exit,5660
exit,5661
exit,5662
exit,5663
exit,5664
exit,5665
exit,5666
exit,5667
exit,5668
exit,5669
exit,5670
exit,5671
exit,5672
exit,5673
exit,5674
exit,5675
exit,5676
exit,5677
exit,5678
exit,5679
exit,5680
exit,5681
exit,5682
exit,5683
exit,5684
exit,5685
exit,5686
exit,5687
exit,5688
exit,5689
exit,5690
exit,5691
exitexit,5692
ext,5693
f,5694
f,5695
f,5696
f,5697
fbear,5698
fg,5699
fg,5700
fg,5701
fg,5702
fg,5703
fg,5704
fg,5705
fg,5706
fg,5707
fg,5708
fg,5709
fg,5710
fg,5711
fg,5712
fg,5713
fg,5714
fg,5715
fg,5716
fg,5717
fg,5718
fg,5719
fg,5720
fg,5721
fg,5722
fg,5723
fg,5724
fg,5725
fg,5726
fg,5727
fg,5728
fg,5729
fg,5730
fg,5731
fg,5732
fg,5733
fg,5734
fg,5735
fg,5736
fg,5737
fg,5738
fg,5739
fg,5740
fg,5741
fg,5742
fg,5743
fg,5744
fg,5745
fg,5746
fg,5747
fg,5748
fg,5749
fg,5750
fg,5751
fg,5752
fg,5753
fg,5754
fg,5755
fg,5756
fg,5757
fg,5758
fg,5759
fg,5760
fg,5761
fg,5762
fg,5763
fg,5764
fg,5765
fg,5766
fg,5767
fg,5768
fg,5769
fg,5770
fg,5771
fg,5772
fg,5773
fg,5774
fg,5775
fg,5776
fg,5777
fg,5778
fg,5779
fg,5780
fg,5781
fg,5782
fg,5783
fg,5784
fg,5785
fg,5786
fg,5787
fg,5788
fg,5789
fg,5790
fg,5791
fg,5792
fg,5793
fg,5794
fg,5795
fg,5796
fg,5797
fg,5798
fg,5799
fg,5800
fg,5801
fg,5802
fg,5803
fg,5804
fg,5805
fg,5806
fg,5807
fg,5808
fg,5809
fg,5810
fg,5811
fg,5812
fg,5813
fg,5814
fg,5815
fg,5816
fg,5817
fg,5818
fg,5819
fg,5820
fg,5821
fg,5822
fg,5823
fg,5824
fg,5825
fg,5826
fg,5827
fg,5828
fg,5829
fg,5830
fg,5831
fg,5832
fg,5833
fg,5834
fg,5835
fg,5836
fg,5837
fg,5838
fg,5839
fg,5840
fg,5841
fg,5842
fg,5843
fg,5844
fg,5845
fg,5846
fg,5847
fg,5848
fg,5849
fg,5850
fg,5851
fg,5852
fg,5853
fg,5854
fg,5855
fg,5856
fg,5857
fg,5858
fg,5859
fg,5860
fg,5861
fg,5862
fg,5863
fg,5864
fg,5865
fg,5866
fg,5867
fg,5868
fg,5869
fg,5870
fg,5871
fg,5872
fg,5873
fg,5874
fg,5875
fg,5876
fg,5877
fg,5878
fg,5879
fg,5880
fg,5881
fg,5882
fg,5883
fg,5884
fg,5885
fg,5886
fg,5887
fg,5888
fg,5889
fg,5890
fg,5891
fg,5892
fg,5893
fg,5894
fg,5895
fg,5896
fg,5897
fg,5898
fg,5899
fg,5900
fg,5901
fg,5902
fg,5903
fg,5904
fg,5905
fg,5906
fg,5907
fg,5908
fg,5909
fg,5910
fg,5911
fg,5912
fg,5913
fg,5914
fg,5915
fg,5916
fg,5917
fg,5918
fg,5919
fg,5920
fg,5921
fg,5922
fg,5923
fg,5924
fg,5925
fg,5926
fg,5927
fg,5928
fin,5929
findfile,5930
findfile,5931
finer,5932
finger,5933
finger,5934
finger,5935
finger,5936
finger,5937
finger,5938
finger,5939
finger,5940
finger,5941
finger,5942
finger,5943
finger,5944
finger,5945
finger,5946
finger,5947
finger,5948
finger,5949
finger,5950
finger,5951
finger,5952
finger,5953
finger,5954
finger,5955
finger,5956
finger,5957
finger,5958
finger,5959
finger,5960
finger,5961
finger,5962
finger,5963
finger,5964
finger,5965
finger,5966
finger,5967
finger,5968
finger,5969
finger,5970
finger,5971
finger,5972
finger,5973
finger,5974
finger,5975
finger,5976
finger,5977
finger,5978
finger,5979
finger,5980
finger,5981
finger,5982
finger,5983
finger,5984
finger,5985
finger,5986
finger,5987
finger,5988
finger,5989
finger,5990
finger,5991
finger,5992
finger,5993
finger,5994
finger,5995
finger,5996
finger,5997
finger,5998
finger,5999
finger,6000
finger,6001
finger,6002
finger,6003
finger,6004
finger,6005
finger,6006
finger,6007
finger,6008
finger,6009
finger,6010
finger,6011
finger,6012
finger,6013
finger,6014
finger,6015
finger,6016
finger,6017
finger,6018
finger,6019
finger,6020
finger,6021
finger,6022
finger,6023
finger,6024
finger,6025
finger,6026
finger,6027
finger,6028
finger,6029
finger,6030
finger,6031
finger,6032
finger,6033
finger,6034
finger,6035
finger,6036
finger,6037
finger,6038
finger,6039
finger,6040
finger,6041
finger,6042
finger,6043
finger,6044
finger,6045
finger,6046
finger,6047
finger,6048
finger,6049
finger,6050
finger,6051
finger,6052
finger,6053
finger,6054
finger,6055
finger,6056
finger,6057
finger,6058
finger,6059
finger,6060
finger,6061
finger,6062
finger,6063
finger,6064
finger,6065
finger,6066
finger,6067
finger,6068
finger,6069
finger,6070
finger,6071
finger,6072
finger,6073
finger,6074
finger,6075
finger,6076
finger,6077
finger,6078
finger,6079
finger,6080
finger,6081
finger,6082
finger,6083
finger,6084
finger,6085
finger,6086
finger,6087
finger,6088
finger,6089
finger,6090
finger,6091
finger,6092
finger,6093
finger,6094
finger,6095
finger,6096
finger,6097
finger,6098
finger,6099
finger,6100
finger,6101
finger,6102
finger,6103
finger,6104
finger,6105
finger,6106
finger,6107
finger,6108
finger,6109
finger,6110
finger,6111
finger,6112
finger,6113
finger,6114
finger,6115
finger,6116
finger,6117
finger,6118
finger,6119
finger,6120
finger,6121
finger,6122
finger,6123
finger,6124
finger,6125
finger,6126
finger,6127
finger,6128
finger,6129
finger,6130
finger,6131
finger,6132
finger,6133
finger,6134
finger,6135
finger,6136
finger,6137
finger,6138
finger,6139
finger,6140
finger,6141
finger,6142
finger,6143
finger,6144
finger,6145
finger,6146
finger,6147
finger,6148
finger,6149
finger,6150
finger,6151
finger,6152
finger,6153
finger,6154
finger,6155
finger,6156
finger,6157
finger,6158
finger,6159
finger,6160
finger,6161
finger,6162
finger,6163
finger,6164
finger,6165
finger,6166
finger,6167
finger,6168
finger,6169
finger,6170
finger,6171
finger,6172
finger,6173
finger,6174
finger,6175
finger,6176
finger,6177
finger,6178
finger,6179
finger,6180
finger,6181
finger,6182
finger,6183
finger,6184
finger,6185
finger,6186
finger,6187
finger,6188
finger,6189
finger,6190
finger,6191
finger,6192
finger,6193
finger,6194
finger,6195
finger,6196
finger,6197
finger,6198
finger,6199
finger,6200
finger,6201
finger,6202
finger,6203
finger,6204
finger,6205
finger,6206
finger,6207
finger,6208
finger,6209
finger,6210
finger,6211
finger,6212
finger,6213
finger,6214
finger,6215
finger,6216
finger,6217
finger,6218
finger,6219
finger,6220
finger,6221
finger,6222
finger,6223
finger,6224
finger,6225
finger,6226
finger,6227
finger,6228
finger,6229
finger,6230
finger,6231
finger,6232
finger,6233
finger,6234
finger,6235
finger,6236
finger,6237
finger,6238
finger,6239
finger,6240
finger,6241
finger,6242
finger,6243
finger,6244
finger,6245
finger,6246
finger,6247
finger,6248
finger,6249
finger,6250
finger,6251
finger,6252
finger,6253
finger,6254
finger,6255
finger,6256
finger,6257
finger,6258
finger,6259
finger,6260
finger,6261
finger,6262
finger,6263
finger,6264
finger,6265
finger,6266
finger,6267
finger,6268
finger,6269
finger,6270
finger,6271
finger,6272
finger,6273
finger,6274
finger,6275
finger,6276
finger,6277
finger,6278
finger,6279
finger,6280
finger,6281
finger,6282
finger,6283
finger,6284
finger,6285
finger,6286
finger,6287
finger,6288
finger,6289
finger,6290
finger,6291
finger,6292
finger,6293
finger,6294
finger,6295
finger,6296
finger,6297
finger,6298
finger,6299
finger,6300
finger,6301
finger,6302
finger,6303
finger,6304
finger,6305
finger,6306
finger,6307
finger,6308
finger,6309
finger,6310
finger,6311
finger,6312
finger,6313
finger,6314
finger,6315
finger,6316
finger,6317
finger,6318
finger,6319
finger,6320
finger,6321
finger,6322
finger,6323
finger,6324
finger,6325
finger,6326
finger,6327
finger,6328
finger,6329
finger,6330
finger,6331
finger,6332
finger,6333
finger,6334
finger,6335
finger,6336
finger,6337
finger,6338
finger,6339
finger,6340
finger,6341
finger,6342
finger,6343
finger,6344
finger,6345
finger,6346
finger,6347
finger,6348
finger,6349
finger,6350
finger,6351
finger,6352
finger,6353
finger,6354
finger,6355
finger,6356
finger,6357
finger,6358
finger,6359
finger,6360
finger,6361
finger,6362
finger,6363
finger,6364
finger,6365
finger,6366
finger,6367
finger,6368
finger,6369
finger,6370
finger,6371
finger,6372
finger,6373
finger,6374
finger,6375
finger,6376
finger,6377
finger,6378
finger,6379
finger,6380
finger,6381
finger,6382
finger,6383
finger,6384
finger,6385
finger,6386
finger,6387
finger,6388
finger,6389
finger,6390
finger,6391
finger,6392
finger,6393
finger,6394
finger,6395
finger,6396
finger,6397
finger,6398
finger,6399
finger,6400
finger,6401
finger,6402
finger,6403
finger,6404
finger,6405
finger,6406
finger,6407
finger,6408
finger,6409
finger,6410
finger,6411
finger,6412
finger,6413
finger,6414
finger,6415
finger,6416
finger,6417
ftp,6418
ftp,6419
ftp,6420
ftp,6421
ftp,6422
ftp,6423
ftp,6424
ftp,6425
ftp,6426
ftp,6427
ftp,6428
ftp,6429
ftp,6430
ftp,6431
ftp,6432
ftp,6433
ftp,6434
ftp,6435
ftp,6436
ftp,6437
ftp,6438
ftp,6439
ftp,6440
ftp,6441
ftp,6442
ftp,6443
ftp,6444
ftp,6445
ftp,6446
ftp,6447
ftp,6448
ftp,6449
g,6450
g,6451
ghostview,6452
ghostview,6453
ghostview,6454
ghostview,6455
ghostview,6456
ghostview,6457
ghostview,6458
ghostview,6459
ghostview,6460
ghostview,6461
grep,6462
grep,6463
grep,6464
grep,6465
grep,6466
grep,6467
grep,6468
grep,6469
grep,6470
grep,6471
grep,6472
grep,6473
grep,6474
grep,6475
grep,6476
grep,6477
grep,6478
grep,6479
grep,6480
grep,6481
grep,6482
grep,6483
grep,6484
grep,6485
grep,6486
gunzip,6487
gunzip,6488
gzip,6489
gzip,6490
gzip,6491
gzip,6492
gzip,6493
gzip,6494
gzip,6495
gzip,6496
gzip,6497
home,6498
inger,6499
iq,6500
j,6501
j,6502
j,6503
j,6504
j,6505
j,6506
jarman,6507
jarman,6508
jarman,6509
kill,6510
kill,6511
kill,6512
kill,6513
kill,6514
kill,6515
kill,6516
kill,6517
kill,6518
kill,6519
kill,6520
kill,6521
kill,6522
kill,6523
kill,6524
kill,6525
kill,6526
kill,6527
kill,6528
kill,6529
l,6530
l,6531
last,6532
linc,6533
ll,6534
ll,6535
ll,6536
ll,6537
ll,6538
ll,6539
ll,6540
ll,6541
ll,6542
ll,6543
ll,6544
ll,6545
ll,6546
ll,6547
ll,6548
ll,6549
ll,6550
ll,6551
ll,6552
ll,6553
ll,6554
ll,6555
ll,6556
ll,6557
ll,6558
ll,6559
ll,6560
ll,6561
ll,6562
ll,6563
ll,6564
ll,6565
ll,6566
ll,6567
ll,6568
ll,6569
ll,6570
ll,6571
ll,6572
ll,6573
ll,6574
ll,6575
ll,6576
ll,6577
ll,6578
ll,6579
ll,6580
ll,6581
ll,6582
ll,6583
ll,6584
ll,6585
ll,6586
ll,6587
ll,6588
ll,6589
ll,6590
ll,6591
ll,6592
lm,6593
lname,6594
lname,6595
log,6596
log,6597
log,6598
log,6599
log,6600
logout,6601
logout,6602
logout,6603
logout,6604
logout,6605
logout,6606
logout,6607
logout,6608
logout,6609
logout,6610
logout,6611
logout,6612
logout,6613
logout,6614
logout,6615
logout,6616
logout,6617
logout,6618
lp,6619
lp,6620
lp,6621
lp,6622
lp,6623
lp,6624
lp,6625
lp,6626
lp,6627
lp,6628
lp,6629
lp,6630
lp,6631
lp,6632
lp,6633
lp,6634
lp,6635
lp,6636
lp,6637
lp,6638
lp,6639
lp,6640
lp,6641
lp,6642
lp,6643
lp,6644
lp,6645
lp,6646
lp,6647
lp,6648
lp,6649
lp,6650
lp,6651
lp,6652
lp,6653
lp,6654
lp,6655
lp,6656
lp,6657
lp,6658
lpinfo,6659
lpq,6660
lpq,6661
lpq,6662
lpq,6663
lpq,6664
lpq,6665
lpq,6666
lpq,6667
lpq,6668
lpq,6669
lpq,6670
lpq,6671
lpq,6672
lpq,6673
lpq,6674
lpq,6675
lpq,6676
lpq,6677
lpq,6678
lpq,6679
lpq,6680
lpq,6681
lpq,6682
lpq,6683
lpq,6684
lpq,6685
lpq,6686
lpq,6687
lpq,6688
lpq,6689
lpq,6690
lpq,6691
lpq,6692
lpq,6693
lpq,6694
lpq,6695
lpq,6696
lpq,6697
lpq,6698
lpq,6699
lpq,6700
lpq,6701
lpq,6702
lpq,6703
lpq,6704
lpq,6705
lpq,6706
lpq,6707
lpq,6708
lpq,6709
lpq,6710
lpq,6711
lpq,6712
lpq,6713
lpq,6714
lpq,6715
lpq,6716
lpq,6717
lpq,6718
lpq,6719
lpq,6720
lpq,6721
lpq,6722
lpq,6723
lpq,6724
lpq,6725
lpq,6726
lpq,6727
lpq,6728
lpq,6729
lpq,6730
lpq,6731
lpq,6732
lpq,6733
lpq,6734
lpq,6735
lpq,6736
ls,6737
ls,6738
ls,6739
ls,6740
ls,6741
ls,6742
ls,6743
ls,6744
ls,6745
ls,6746
ls,6747
ls,6748
ls,6749
ls,6750
ls,6751
ls,6752
ls,6753
ls,6754
ls,6755
ls,6756
ls,6757
ls,6758
ls,6759
ls,6760
ls,6761
ls,6762
ls,6763
ls,6764
ls,6765
ls,6766
ls,6767
ls,6768
ls,6769
ls,6770
ls,6771
ls,6772
ls,6773
ls,6774
ls,6775
ls,6776
ls,6777
ls,6778
ls,6779
ls,6780
ls,6781
ls,6782
ls,6783
ls,6784
ls,6785
ls,6786
ls,6787
ls,6788
ls,6789
ls,6790
ls,6791
ls,6792
ls,6793
ls,6794
ls,6795
ls,6796
ls,6797
ls,6798
ls,6799
ls,6800
ls,6801
ls,6802
ls,6803
ls,6804
ls,6805
ls,6806
ls,6807
ls,6808
ls,6809
ls,6810
ls,6811
ls,6812
ls,6813
ls,6814
ls,6815
ls,6816
ls,6817
ls,6818
ls,6819
ls,6820
ls,6821
ls,6822
ls,6823
ls,6824
ls,6825
ls,6826
ls,6827
ls,6828
ls,6829
ls,6830
ls,6831
ls,6832
ls,6833
ls,6834
ls,6835
ls,6836
ls,6837
ls,6838
ls,6839
ls,6840
ls,6841
ls,6842
ls,6843
ls,6844
ls,6845
ls,6846
ls,6847
ls,6848
ls,6849
ls,6850
ls,6851
ls,6852
ls,6853
ls,6854
ls,6855
ls,6856
ls,6857
ls,6858
ls,6859
ls,6860
ls,6861
ls,6862
ls,6863
ls,6864
ls,6865
ls,6866
ls,6867
ls,6868
ls,6869
ls,6870
ls,6871
ls,6872
ls,6873
ls,6874
ls,6875
ls,6876
ls,6877
ls,6878
ls,6879
ls,6880
ls,6881
ls,6882
ls,6883
ls,6884
ls,6885
ls,6886
ls,6887
ls,6888
ls,6889
ls,6890
ls,6891
ls,6892
ls,6893
ls,6894
ls,6895
ls,6896
ls,6897
ls,6898
ls,6899
ls,6900
ls,6901
ls,6902
ls,6903
ls,6904
ls,6905
ls,6906
ls,6907
ls,6908
ls,6909
ls,6910
ls,6911
ls,6912
ls,6913
ls,6914
ls,6915
ls,6916
ls,6917
ls,6918
ls,6919
ls,6920
ls,6921
ls,6922
ls,6923
ls,6924
ls,6925
ls,6926
ls,6927
ls,6928
ls,6929
ls,6930
ls,6931
ls,6932
ls,6933
ls,6934
ls,6935
ls,6936
ls,6937
ls,6938
ls,6939
ls,6940
ls,6941
ls,6942
ls,6943
ls,6944
ls,6945
ls,6946
ls,6947
ls,6948
ls,6949
ls,6950
ls,6951
ls,6952
ls,6953
ls,6954
ls,6955
ls,6956
ls,6957
ls,6958
ls,6959
ls,6960
ls,6961
ls,6962
ls,6963
ls,6964
ls,6965
ls,6966
ls,6967
ls,6968
ls,6969
ls,6970
ls,6971
ls,6972
ls,6973
ls,6974
ls,6975
ls,6976
ls,6977
ls,6978
ls,6979
ls,6980
ls,6981
ls,6982
ls,6983
ls,6984
ls,6985
ls,6986
ls,6987
ls,6988
ls,6989
ls,6990
ls,6991
ls,6992
ls,6993
ls,6994
ls,6995
ls,6996
ls,6997
ls,6998
ls,6999
ls,7000
ls,7001
ls,7002
ls,7003
ls,7004
ls,7005
ls,7006
ls,7007
ls,7008
ls,7009
ls,7010
ls,7011
ls,7012
ls,7013
ls,7014
ls,7015
ls,7016
ls,7017
ls,7018
ls,7019
ls,7020
ls,7021
ls,7022
ls,7023
ls,7024
ls,7025
ls,7026
ls,7027
ls,7028
ls,7029
ls,7030
ls,7031
ls,7032
ls,7033
ls,7034
ls,7035
ls,7036
ls,7037
ls,7038
ls,7039
ls,7040
ls,7041
ls,7042
ls,7043
ls,7044
ls,7045
ls,7046
ls,7047
ls,7048
ls,7049
ls,7050
ls,7051
ls,7052
ls,7053
ls,7054
ls,7055
ls,7056
ls,7057
ls,7058
ls,7059
ls,7060
ls,7061
ls,7062
ls,7063
ls,7064
ls,7065
ls,7066
ls,7067
ls,7068
ls,7069
ls,7070
ls,7071
ls,7072
ls,7073
ls,7074
ls,7075
ls,7076
ls,7077
ls,7078
ls,7079
ls,7080
ls,7081
ls,7082
ls,7083
ls,7084
ls,7085
ls,7086
ls,7087
ls,7088
LS,7089
LS,7090
ls,7091
ls,7092
ls,7093
ls,7094
ls,7095
ls,7096
ls,7097
ls,7098
ls,7099
ls,7100
ls,7101
ls,7102
ls,7103
ls,7104
ls,7105
ls,7106
ls,7107
ls,7108
ls,7109
ls,7110
ls,7111
ls,7112
ls,7113
ls,7114
ls,7115
ls,7116
ls,7117
ls,7118
ls,7119
ls,7120
ls,7121
ls,7122
ls,7123
ls,7124
ls,7125
ls,7126
ls,7127
ls,7128
ls,7129
ls,7130
ls,7131
ls,7132
ls,7133
ls,7134
ls,7135
ls,7136
ls,7137
ls,7138
ls,7139
ls,7140
ls,7141
ls,7142
ls,7143
ls,7144
ls,7145
ls,7146
ls,7147
ls,7148
ls,7149
ls,7150
ls,7151
ls,7152
ls,7153
ls,7154
ls,7155
ls,7156
ls,7157
ls,7158
ls,7159
ls,7160
ls,7161
ls,7162
ls,7163
ls,7164
ls,7165
ls,7166
ls,7167
ls,7168
ls,7169
ls,7170
ls,7171
ls,7172
ls,7173
ls,7174
ls,7175
ls,7176
ls,7177
ls,7178
ls,7179
ls,7180
ls,7181
ls,7182
ls,7183
ls,7184
ls,7185
ls,7186
ls,7187
ls,7188
ls,7189
ls,7190
ls,7191
ls,7192
ls,7193
ls,7194
ls,7195
ls,7196
ls,7197
ls,7198
ls,7199
ls,7200
ls,7201
ls,7202
ls,7203
ls,7204
ls,7205
ls,7206
ls,7207
ls,7208
ls,7209
ls,7210
ls,7211
ls,7212
ls,7213
ls,7214
ls,7215
ls,7216
ls,7217
ls,7218
ls,7219
ls,7220
ls,7221
ls,7222
ls,7223
ls,7224
ls,7225
ls,7226
ls,7227
ls,7228
ls,7229
ls,7230
ls,7231
ls,7232
ls,7233
ls,7234
ls,7235
ls,7236
ls,7237
ls,7238
ls,7239
ls,7240
ls,7241
ls,7242
ls,7243
ls,7244
ls,7245
ls,7246
ls,7247
ls,7248
ls,7249
ls,7250
ls,7251
ls,7252
ls,7253
ls,7254
ls,7255
ls,7256
ls,7257
ls,7258
ls,7259
ls,7260
ls,7261
ls,7262
ls,7263
ls,7264
ls,7265
ls,7266
ls,7267
ls,7268
ls,7269
ls,7270
ls,7271
ls,7272
ls,7273
ls,7274
ls,7275
ls,7276
ls,7277
ls,7278
ls,7279
ls,7280
ls,7281
ls,7282
ls,7283
ls,7284
ls,7285
ls,7286
ls,7287
ls,7288
ls,7289
ls,7290
ls,7291
ls,7292
ls,7293
ls,7294
ls,7295
ls,7296
ls,7297
ls,7298
ls,7299
ls,7300
ls,7301
ls,7302
ls,7303
ls,7304
ls,7305
ls,7306
ls,7307
ls,7308
ls,7309
ls,7310
ls,7311
ls,7312
ls,7313
ls,7314
ls,7315
ls,7316
ls,7317
ls,7318
ls,7319
ls,7320
ls,7321
ls,7322
ls,7323
ls,7324
ls,7325
ls,7326
ls,7327
ls,7328
ls,7329
ls,7330
ls,7331
ls,7332
ls,7333
ls,7334
ls,7335
ls,7336
ls,7337
ls,7338
ls,7339
ls,7340
ls,7341
ls,7342
ls,7343
ls,7344
ls,7345
ls,7346
ls,7347
ls,7348
ls,7349
ls,7350
ls,7351
ls,7352
ls,7353
ls,7354
ls,7355
ls,7356
ls,7357
ls,7358
ls,7359
ls,7360
ls,7361
ls,7362
ls,7363
ls,7364
ls,7365
ls,7366
ls,7367
ls,7368
ls,7369
ls,7370
ls,7371
ls,7372
ls,7373
ls,7374
ls,7375
ls,7376
ls,7377
ls,7378
ls,7379
ls,7380
ls,7381
ls,7382
ls,7383
ls,7384
ls,7385
ls,7386
ls,7387
ls,7388
ls,7389
ls,7390
ls,7391
ls,7392
ls,7393
ls,7394
ls,7395
ls,7396
ls,7397
ls,7398
ls,7399
ls,7400
ls,7401
ls,7402
ls,7403
ls,7404
ls,7405
ls,7406
ls,7407
ls,7408
ls,7409
ls,7410
ls,7411
ls,7412
ls,7413
ls,7414
ls,7415
ls,7416
ls,7417
ls,7418
ls,7419
ls,7420
ls,7421
ls,7422
ls,7423
ls,7424
ls,7425
ls,7426
ls,7427
ls,7428
ls,7429
ls,7430
ls,7431
ls,7432
ls,7433
ls,7434
ls,7435
ls,7436
ls,7437
ls,7438
ls,7439
ls,7440
ls,7441
ls,7442
ls,7443
ls,7444
ls,7445
ls,7446
ls,7447
ls,7448
ls,7449
ls,7450
ls,7451
ls,7452
ls,7453
ls,7454
ls,7455
ls,7456
ls,7457
ls,7458
ls,7459
ls,7460
ls,7461
ls,7462
ls,7463
ls,7464
ls,7465
ls,7466
ls,7467
ls,7468
ls,7469
ls,7470
ls,7471
ls,7472
ls,7473
ls,7474
ls,7475
ls,7476
ls,7477
ls,7478
ls,7479
ls,7480
ls,7481
ls,7482
ls,7483
ls,7484
ls,7485
ls,7486
ls,7487
ls,7488
ls,7489
ls,7490
ls,7491
ls,7492
ls,7493
ls,7494
ls,7495
ls,7496
ls,7497
ls,7498
ls,7499
ls,7500
ls,7501
ls,7502
ls,7503
ls,7504
ls,7505
ls,7506
ls,7507
ls,7508
ls,7509
ls,7510
ls,7511
ls,7512
ls,7513
ls,7514
ls,7515
ls,7516
ls,7517
ls,7518
ls,7519
ls,7520
ls,7521
ls,7522
ls,7523
ls,7524
ls,7525
ls,7526
ls,7527
ls,7528
ls,7529
ls,7530
ls,7531
ls,7532
ls,7533
ls,7534
ls,7535
ls,7536
ls,7537
ls,7538
ls,7539
ls,7540
ls,7541
lsa,7542
lsa,7543
lwifo,7544
lwinfo,7545
lwinfo,7546
lwinfo,7547
lwinfo,7548
lwinfo,7549
lwinfo,7550
lwinfo,7551
lwinfo,7552
lwinfo,7553
lwinfo,7554
lwinfo,7555
lwinfo,7556
lwinfo,7557
lwinfo,7558
lwinfo,7559
lwinfo,7560
lwinfo,7561
lwinfo,7562
lwinfo,7563
lwinfo,7564
lwinfo,7565
lwinfo,7566
lwinfo,7567
lwinfo,7568
lwinfo,7569
lwinfo,7570
lwinfo,7571
lwinfo,7572
lwinfo,7573
lwinfo,7574
lwinfo,7575
lwinfo,7576
lwinfo,7577
lwinfo,7578
lwinfo,7579
lwinfo,7580
lwinfo,7581
lwinfo,7582
lwinfo,7583
lwinfo,7584
lwinfo,7585
lwinfo,7586
lwinfo,7587
lwinfo,7588
lwinfo,7589
lwinfo,7590
lwinfo,7591
lwinfo,7592
lwinfo,7593
lwinfo,7594
lwinfo,7595
lwinfo,7596
lwinfo,7597
lwinfo,7598
lwinfo,7599
lwinfo,7600
lwinfo,7601
lwinfo,7602
lwinfo,7603
lwinfo,7604
lwinfo,7605
lwinfo,7606
lwinfo,7607
lwinfo,7608
lwinfo,7609
lwinfo,7610
lwinfo,7611
lwinfo,7612
lwinfo,7613
lwinfo,7614
lwinfo,7615
lwinfo,7616
lwinfo,7617
lwinfo,7618
lwpages,7619
lwpages,7620
lwpages,7621
lwpages,7622
lwpages,7623
lwpages,7624
lwpages,7625
lwpages,7626
lwpages,7627
lwpages,7628
lwpages,7629
mail,7630
mail,7631
mail,7632
mail,7633
mail,7634
mail,7635
mail,7636
mail,7637
mail,7638
mail,7639
mail,7640
mail,7641
mail,7642
mail,7643
mail,7644
mail,7645
mail,7646
mail,7647
mail,7648
mail,7649
mail,7650
mail,7651
mail,7652
mail,7653
mail,7654
mail,7655
mail,7656
mail,7657
mail,7658
mail,7659
mailx,7660
mailx,7661
mailx,7662
mailx,7663
mailx,7664
mailx,7665
mailx,7666
mailx,7667
mailx,7668
mailx,7669
Make_c,7670
maker,7671
maker,7672
maker,7673
maker,7674
maker,7675
maker,7676
maker,7677
maker,7678
maker,7679
maker,7680
maker,7681
maker,7682
maker,7683
man,7684
man,7685
man,7686
man,7687
man,7688
man,7689
man,7690
man,7691
man,7692
man,7693
man,7694
man,7695
man,7696
man,7697
man,7698
man,7699
man,7700
man,7701
man,7702
man,7703
man,7704
man,7705
man,7706
man,7707
man,7708
man,7709
man,7710
man,7711
man,7712
man,7713
man,7714
man,7715
man,7716
man,7717
man,7718
man,7719
man,7720
man,7721
man,7722
man,7723
man,7724
me,7725
mkdir,7726
mkdir,7727
mkdir,7728
mkdir,7729
mkdir,7730
mkdir,7731
mkdir,7732
mkdir,7733
mkdir,7734
mkdir,7735
mkdir,7736
mkdir,7737
mkdir,7738
mkdir,7739
mkdir,7740
mkdir,7741
mkdir,7742
more,7743
more,7744
more,7745
more,7746
more,7747
more,7748
more,7749
more,7750
more,7751
more,7752
more,7753
more,7754
more,7755
more,7756
more,7757
more,7758
more,7759
more,7760
more,7761
more,7762
more,7763
more,7764
more,7765
more,7766
more,7767
more,7768
more,7769
more,7770
more,7771
more,7772
more,7773
more,7774
more,7775
more,7776
more,7777
more,7778
more,7779
more,7780
more,7781
more,7782
more,7783
more,7784
more,7785
more,7786
more,7787
more,7788
more,7789
more,7790
more,7791
more,7792
more,7793
more,7794
more,7795
more,7796
more,7797
more,7798
more,7799
more,7800
more,7801
more,7802
more,7803
more,7804
more,7805
more,7806
more,7807
more,7808
more,7809
more,7810
more,7811
more,7812
more,7813
more,7814
more,7815
more,7816
more,7817
more,7818
more,7819
more,7820
more,7821
more,7822
more,7823
more,7824
more,7825
more,7826
more,7827
more,7828
more,7829
more,7830
more,7831
more,7832
more,7833
more,7834
more,7835
more,7836
more,7837
more,7838
more,7839
more,7840
more,7841
more,7842
more,7843
more,7844
more,7845
more,7846
more,7847
more,7848
more,7849
more,7850
more,7851
more,7852
more,7853
more,7854
more,7855
more,7856
more,7857
mre,7858
mv,7859
mv,7860
mv,7861
mv,7862
mv,7863
mv,7864
mv,7865
mv,7866
mv,7867
mv,7868
mv,7869
mv,7870
mv,7871
mv,7872
mv,7873
mv,7874
mv,7875
mv,7876
mv,7877
mv,7878
mv,7879
mv,7880
mv,7881
mv,7882
mv,7883
mv,7884
mv,7885
mv,7886
mv,7887
mv,7888
mv,7889
mv,7890
mv,7891
mv,7892
mv,7893
mv,7894
mv,7895
mv,7896
mv,7897
mv,7898
mv,7899
mv,7900
mv,7901
mv,7902
mv,7903
mv,7904
mv,7905
mv,7906
mv,7907
mv,7908
mv,7909
mv,7910
mv,7911
mv,7912
mv,7913
mv,7914
mv,7915
mv,7916
mv,7917
mv,7918
mv,7919
mv,7920
mv,7921
mv,7922
mv,7923
mv,7924
mv,7925
mv,7926
mv,7927
mv,7928
mv,7929
mv,7930
mv,7931
mv,7932
netscape,7933
netscape,7934
netscape,7935
netscape,7936
netscape,7937
netscape,7938
netscape,7939
netscape,7940
newgrp,7941
newgrp,7942
newgrp,7943
newgrp,7944
passwd,7945
passwd,7946
ph,7947
ph,7948
ph,7949
ph,7950
ph,7951
ph,7952
ph,7953
ph,7954
ph,7955
ph,7956
ph,7957
ph,7958
ph,7959
ph,7960
ping,7961
ping,7962
ping,7963
ping,7964
ping,7965
ping,7966
ping,7967
ping,7968
ping,7969
ping,7970
ping,7971
ping,7972
ping,7973
ps,7974
ps,7975
ps,7976
ps,7977
ps,7978
ps,7979
ps,7980
ps,7981
ps,7982
ps,7983
ps,7984
ps,7985
ps,7986
ps,7987
ps,7988
ps,7989
ps,7990
ps,7991
ps,7992
ps,7993
ps,7994
ps,7995
ps,7996
ps,7997
ps,7998
ps,7999
ps,8000
ps,8001
ps,8002
pwd,8003
pwd,8004
pwd,8005
pwd,8006
pwd,8007
pwd,8008
pwd,8009
pwd,8010
pwd,8011
pwd,8012
pwd,8013
pwd,8014
pwd,8015
q,8016
quit,8017
quit,8018
quit,8019
quit,8020
quit,8021
quot,8022
quota,8023
quota,8024
quota,8025
quota,8026
quota,8027
quota,8028
quota,8029
quota,8030
quota,8031
quota,8032
quota,8033
quota,8034
quota,8035
quota,8036
quota,8037
quota,8038
quota,8039
quota,8040
quota,8041
quota,8042
quota,8043
quota,8044
quota,8045
quota,8046
quota,8047
quota,8048
quota,8049
quota,8050
quota,8051
quota,8052
quota,8053
quota,8054
quota,8055
quota,8056
quota,8057
quota,8058
qutoa,8059
r,8060
r,8061
r,8062
r,8063
r,8064
r,8065
r,8066
r,8067
r,8068
r,8069
r,8070
r,8071
r,8072
r,8073
r,8074
rlogin,8075
rlogin,8076
rlogin,8077
rlogin,8078
rlogin,8079
rlogin,8080
rlogin,8081
rlogin,8082
rlogin,8083
rlogin,8084
rlogin,8085
rlogin,8086
rlogin,8087
rlogin,8088
rlogin,8089
rlogin,8090
rlogin,8091
rlogin,8092
rlogin,8093
rlogin,8094
rlogin,8095
rlogin,8096
rlogin,8097
rlogin,8098
rlogin,8099
rlogin,8100
rlogin,8101
rlogin,8102
rlogin,8103
rlogin,8104
rlogin,8105
rlogin,8106
rlogin,8107
rlogin,8108
rlogin,8109
rlogin,8110
rlogin,8111
rlogin,8112
rlogin,8113
rlogin,8114
rlogin,8115
rlogin,8116
rlogin,8117
rlogin,8118
rlogin,8119
rlogin,8120
rlogin,8121
rlogin,8122
rlogin,8123
rlogin,8124
rlogin,8125
rlogin,8126
rlogin,8127
rlogin,8128
rlogin,8129
rlogin,8130
rlogin,8131
rlogin,8132
rlogin,8133
rlogin,8134
rlogin,8135
rlogin,8136
rlogin,8137
rlogin,8138
rlogin,8139
rlogin,8140
rlogin,8141
rlogin,8142
rlogin,8143
rlogin,8144
rlogin,8145
rlogin,8146
rlogin,8147
rlogin,8148
rlogin,8149
rlogin,8150
rlogin,8151
rlogin,8152
rlogin,8153
rlogin,8154
rlogin,8155
rlogin,8156
rlogin,8157
rlogin,8158
rlogin,8159
rlogin,8160
rlogin,8161
rlogin,8162
rlogin,8163
rlogin,8164
rlogin,8165
rlogin,8166
rlogin,8167
rlogin,8168
rlogin,8169
rlogin,8170
rlogin,8171
rlogin,8172
rlogin,8173
rlogin,8174
rlogin,8175
rlogin,8176
rlogin,8177
rlogin,8178
rlogin,8179
rlogin,8180
rlogin,8181
rlogin,8182
rlogin,8183
rlogin,8184
rlogin,8185
rlogin,8186
rlogin,8187
rlogin,8188
rlogin,8189
rlogin,8190
rlogin,8191
rloign,8192
rloin,8193
rm,8194
rm,8195
rm,8196
rm,8197
rm,8198
rm,8199
rm,8200
rm,8201
rm,8202
rm,8203
rm,8204
rm,8205
rm,8206
rm,8207
rm,8208
rm,8209
rm,8210
rm,8211
rm,8212
rm,8213
rm,8214
rm,8215
rm,8216
rm,8217
rm,8218
rm,8219
rm,8220
rm,8221
rm,8222
rm,8223
rm,8224
rm,8225
rm,8226
rm,8227
rm,8228
rm,8229
rm,8230
rm,8231
rm,8232
rm,8233
rm,8234
rm,8235
rm,8236
rm,8237
rm,8238
rm,8239
rm,8240
rm,8241
rm,8242
rm,8243
rm,8244
rm,8245
rm,8246
rm,8247
rm,8248
rm,8249
rm,8250
rm,8251
rm,8252
rm,8253
rm,8254
rm,8255
rm,8256
rm,8257
rm,8258
rm,8259
rm,8260
rm,8261
rm,8262
rm,8263
rm,8264
rm,8265
rm,8266
rm,8267
rm,8268
rm,8269
rm,8270
rm,8271
rm,8272
rm,8273
rm,8274
rm,8275
rm,8276
rm,8277
rm,8278
rm,8279
rm,8280
rm,8281
rm,8282
rm,8283
rm,8284
rm,8285
rm,8286
rm,8287
rm,8288
rm,8289
rm,8290
rm,8291
rm,8292
rm,8293
rm,8294
rm,8295
rm,8296
rm,8297
rm,8298
rm,8299
rm,8300
rm,8301
rm,8302
rm,8303
rm,8304
rm,8305
rm,8306
rm,8307
rm,8308
rm,8309
rm,8310
rm,8311
rm,8312
rm,8313
rm,8314
rm,8315
rm,8316
rm,8317
rm,8318
rm,8319
rm,8320
rm,8321
rm,8322
rm,8323
rm,8324
rm,8325
rm,8326
rm,8327
rm,8328
rm,8329
rm,8330
rm,8331
rm,8332
rm,8333
rm,8334
rm,8335
rm,8336
rm,8337
rm,8338
rm,8339
rm,8340
rm,8341
rm,8342
rm,8343
rm,8344
rm,8345
rm,8346
rm,8347
rm,8348
rm,8349
rm,8350
rmdir,8351
rmdir,8352
rmdir,8353
rmdir,8354
rmdir,8355
rmdir,8356
rmdir,8357
rmdir,8358
rmdir,8359
rmt,8360
ruptime,8361
ruptime,8362
ruptime,8363
ruptime,8364
ruptime,8365
ruptime,8366
ruptime,8367
ruptime,8368
ruptime,8369
ruptime,8370
ruptime,8371
ruptime,8372
ruptime,8373
ruptime,8374
ruptime,8375
ruptime,8376
ruptime,8377
ruptime,8378
ruptime,8379
rutime,8380
rwho,8381
rwho,8382
s,8383
s,8384
set,8385
set,8386
set,8387
setenv,8388
setenv,8389
setenv,8390
setenv,8391
setenv,8392
setenv,8393
setenv,8394
setenv,8395
setenv,8396
setenv,8397
setenv,8398
setenv,8399
setenv,8400
source,8401
source,8402
source,8403
source,8404
source,8405
source,8406
source,8407
source,8408
source,8409
source,8410
source,8411
source,8412
source,8413
source,8414
source,8415
source,8416
source,8417
source,8418
source,8419
source,8420
source,8421
source,8422
source,8423
source,8424
source,8425
source,8426
source,8427
source,8428
source,8429
source,8430
source,8431
source,8432
source,8433
source,8434
source,8435
source,8436
source,8437
source,8438
source,8439
source,8440
source,8441
source,8442
source,8443
source,8444
source,8445
source,8446
source,8447
source,8448
source,8449
source,8450
source,8451
source,8452
source,8453
source,8454
source,8455
source,8456
source,8457
source,8458
source,8459
source,8460
source,8461
source,8462
source,8463
source,8464
source,8465
source,8466
source,8467
source,8468
source,8469
source,8470
source,8471
source,8472
source,8473
source,8474
source,8475
source,8476
source,8477
source,8478
source,8479
source,8480
source,8481
source,8482
source,8483
source,8484
source,8485
source,8486
source,8487
source,8488
source,8489
source,8490
source,8491
source,8492
source,8493
source,8494
source,8495
source,8496
source,8497
source,8498
source,8499
source,8500
source,8501
ssinfo,8502
ssinfo,8503
ssinfo,8504
ssinfo,8505
ssinfo,8506
ssinfo,8507
ssinfo,8508
ssinfo,8509
ssinfo,8510
ssinfo,8511
ssinfo,8512
ssinfo,8513
ssinfo,8514
ssource,8515
talk,8516
talk,8517
talk,8518
talk,8519
talk,8520
talk,8521
talk,8522
talk,8523
talk,8524
talk,8525
talk,8526
talk,8527
talk,8528
talk,8529
talk,8530
talk,8531
talk,8532
talk,8533
talk,8534
talk,8535
tar,8536
tar,8537
tar,8538
tar,8539
tar,8540
tar,8541
tar,8542
tar,8543
tar,8544
tar,8545
tar,8546
tar,8547
tar,8548
tar,8549
terran_data,8550
terran_data,8551
terran_data,8552
terran_data,8553
test,8554
test,8555
test,8556
thor,8557
thorplus,8558
unalias,8559
unalias,8560
unalias,8561
unalias,8562
ungzip,8563
unrm,8564
unrm,8565
unrm,8566
unrm,8567
unrm,8568
unrm,8569
unrm,8570
unrm,8571
uptime,8572
uptime,8573
uptime,8574
uptime,8575
uptime,8576
uptime,8577
uptime,8578
uptime,8579
uptime,8580
uptime,8581
uptime,8582
uptime,8583
uptime,8584
uptime,8585
uptime,8586
uptime,8587
uptime,8588
uptime,8589
uptime,8590
uptime,8591
uptime,8592
uptime,8593
uptime,8594
uptime,8595
uptime,8596
uuencode,8597
uuencode,8598
uuencode,8599
uuencode,8600
uuencode,8601
uuencode,8602
uuencode,8603
uuencode,8604
uuencode,8605
uuencode,8606
vacatin,8607
vacation,8608
vacation,8609
vacation,8610
ver,8611
version,8612
vi,8613
vi,8614
vi,8615
vi,8616
vi,8617
vi,8618
vi,8619
vi,8620
vi,8621
vi,8622
vi,8623
vi,8624
vi,8625
vi,8626
vi,8627
vi,8628
vi,8629
vi,8630
vi,8631
vi,8632
vi,8633
vi,8634
vi,8635
vi,8636
vi,8637
vi,8638
vi,8639
vi,8640
vi,8641
vi,8642
vi,8643
vi,8644
vi,8645
vi,8646
vi,8647
vi,8648
vi,8649
vi,8650
vi,8651
vi,8652
vi,8653
vi,8654
vi,8655
vi,8656
vi,8657
vi,8658
vi,8659
vi,8660
vi,8661
vi,8662
vi,8663
vi,8664
vi,8665
vi,8666
vi,8667
vi,8668
vi,8669
vi,8670
vi,8671
vi,8672
vi,8673
vi,8674
vi,8675
vi,8676
vi,8677
vi,8678
vi,8679
vi,8680
vi,8681
vi,8682
vi,8683
vi,8684
vi,8685
vi,8686
vi,8687
vi,8688
vi,8689
vi,8690
vi,8691
vi,8692
vi,8693
vi,8694
vi,8695
vi,8696
vi,8697
vi,8698
vi,8699
vi,8700
vi,8701
vi,8702
vi,8703
vi,8704
vi,8705
vi,8706
vi,8707
vi,8708
vi,8709
vi,8710
vi,8711
vi,8712
vi,8713
vi,8714
vi,8715
vi,8716
vi,8717
vi,8718
vi,8719
vi,8720
vi,8721
vi,8722
vi,8723
vi,8724
vi,8725
vi,8726
vi,8727
vi,8728
vi,8729
vi,8730
vi,8731
vi,8732
vi,8733
vi,8734
vi,8735
vi,8736
vi,8737
vi,8738
vi,8739
vi,8740
vi,8741
vi,8742
vi,8743
vi,8744
vi,8745
vi,8746
vi,8747
vi,8748
vi,8749
vi,8750
vi,8751
vi,8752
vi,8753
vi,8754
vi,8755
vi,8756
vi,8757
vi,8758
vi,8759
vi,8760
vi,8761
vi,8762
vi,8763
vi,8764
vi,8765
vi,8766
vi,8767
vi,8768
vi,8769
vi,8770
vi,8771
vi,8772
vi,8773
vi,8774
vi,8775
vi,8776
vi,8777
vi,8778
vi,8779
vi,8780
vi,8781
vi,8782
vi,8783
vi,8784
vi,8785
vi,8786
vi,8787
vi,8788
vi,8789
vi,8790
vi,8791
vi,8792
vi,8793
vi,8794
vi,8795
vi,8796
vi,8797
vi,8798
vi,8799
vi,8800
vi,8801
vi,8802
vi,8803
vi,8804
vi,8805
vi,8806
vi,8807
vi,8808
vi,8809
vi,8810
vi,8811
vi,8812
vi,8813
vi,8814
vi,8815
vi,8816
vi,8817
vi,8818
vi,8819
vi,8820
vi,8821
vi,8822
vi,8823
vi,8824
vi,8825
vi,8826
vi,8827
vi,8828
vi,8829
vi,8830
vi,8831
vi,8832
vi,8833
vi,8834
wc,8835
wc,8836
wc,8837
wc,8838
wc,8839
wc,8840
wc,8841
weather,8842
weather,8843
whence,8844
whence,8845
whence,8846
where,8847
whereis,8848
whereis,8849
whereis,8850
whereis,8851
whereis,8852
whereis,8853
whereis,8854
whereis,8855
whereis,8856
whereis,8857
whereis,8858
whereis,8859
whereis,8860
whereis,8861
which,8862
who,8863
who,8864
who,8865
who,8866
who,8867
who,8868
who,8869
who,8870
who,8871
who,8872
who,8873
who,8874
whoami,8875
whoami,8876
write,8877
xhost,8878
xhost,8879
xhost,8880
xhost,8881
xhost,8882
xhost,8883
xhost,8884
xhost,8885
xhost,8886
xhost,8887
xlock,8888
xlock,8889
xlock,8890
xlock,8891
xlock,8892
xlock,8893
xlock,8894
xlock,8895
xlock,8896
xlock,8897
xlock,8898
xlock,8899
xlock,8900
xlock,8901
xlock,8902
xlock,8903
xlock,8904
xterm,8905
|,8906
|,8907
|,8908
|,8909
|,8910
|,8911
|,8912
|,8913
|,8914
|,8915
|,8916
|,8917
|,8918
|,8919
|,8920
|,8921
|,8922
|,8923
|,8924
|,8925
|,8926
|,8927
|,8928
|,8929
|,8930
|,8931
|,8932
|,8933
|,8934
|,8935
|,8936
|,8937
|,8938
|,8939
|,8940
|,8941
|,8942
|,8943
|,8944
|,8945
|,8946
|,8947
|,8948
|,8949
|,8950
|,8951
|,8952
|,8953
|,8954
|,8955
|,8956
|,8957
|,8958
|,8959
|,8960
|,8961
|,8962
|,8963
|,8964
|,8965
|,8966
|,8967
|,8968
|,8969
|,8970
|,8971
|,8972
|,8973
|,8974
